2025-11-13 08:04:55,815 - Knowledge - INFO - Created shared MongoDB connection pool
2025-11-13 08:04:56,191 - Knowledge - INFO - Starting Knowledge Graph processing with 20 threads
2025-11-13 08:04:56,392 - Knowledge - INFO - Initial configuration: chunk_size=65536, max_cache_size=500
2025-11-13 08:04:56,549 - Knowledge - INFO - Knowledge Graph concurrency configuration: workers=20, max_batch_size=25, max_concurrent_llm_calls=50
2025-11-13 08:04:58,047 - Knowledge - INFO - 🔍 _load_persisted_knowledge called - checking for Redis optimization
2025-11-13 08:04:58,244 - Knowledge - WARNING - ❌ load_from_redis method not found - Redis support not attached
2025-11-13 08:04:58,422 - Knowledge - INFO - load persisted knowledge: begin
2025-11-13 08:04:58,586 - Knowledge - INFO - Loaded 0 files from persisted knowledge
2025-11-13 08:04:58,783 - Knowledge - INFO - load persisted knowledge: end
2025-11-13 08:04:59,002 - Knowledge - WARNING - No persisted knowledge found. Files will be queued during start()
2025-11-13 08:04:59,180 - Knowledge - INFO - Redis support added with prefix knowledge:b0280is:
2025-11-13 08:05:00,004 - Knowledge - INFO - Starting knowledge initialization for ID: UGHo7h-b0280is
2025-11-13 08:05:00,156 - Knowledge - INFO - 🔍 Checking Redis for build_id: b0280is
2025-11-13 08:05:00,329 - Knowledge - INFO - 🔍 Full session ID: UGHo7h-b0280is
2025-11-13 08:05:00,483 - Knowledge - INFO - 🔍 Redis prefix will be: knowledge:b0280is:
2025-11-13 08:05:00,641 - Knowledge - INFO - 🔍 Using attached load_from_redis() method
2025-11-13 08:05:00,825 - Knowledge - INFO - 🔍 Attempting to load knowledge from Redis...
2025-11-13 08:05:01,002 - Knowledge - INFO - 🔍 Using derived instance_id for Redis lookup: b0280is
2025-11-13 08:05:03,055 - Knowledge - WARNING - ❌ No Redis cache found
2025-11-13 08:05:04,979 - Knowledge - INFO - 📁 Loading knowledge from disk...
2025-11-13 08:05:05,195 - Knowledge - INFO - load persisted docinfo: begin
2025-11-13 08:05:05,385 - Knowledge - INFO - load persisted docinfo: end
2025-11-13 08:05:05,581 - Knowledge - INFO - 🔍 _load_persisted_knowledge called - checking for Redis optimization
2025-11-13 08:05:05,740 - Knowledge - INFO - ✅ load_from_redis method found - attempting Redis load
2025-11-13 08:05:05,911 - Knowledge - INFO - 🔍 Attempting to load knowledge from Redis...
2025-11-13 08:05:06,072 - Knowledge - INFO - 🔍 Using derived instance_id for Redis lookup: b0280is
2025-11-13 08:05:08,020 - Knowledge - WARNING - ❌ No Redis cache found
2025-11-13 08:05:08,191 - Knowledge - INFO - ❌ Redis load returned False - falling back to file loading
2025-11-13 08:05:08,395 - Knowledge - INFO - load persisted knowledge: begin
2025-11-13 08:05:08,587 - Knowledge - INFO - Loaded 0 files from persisted knowledge
2025-11-13 08:05:08,778 - Knowledge - INFO - load persisted knowledge: end
2025-11-13 08:05:08,928 - Knowledge - INFO - 📁 Disk load complete in 3.78s
2025-11-13 08:05:09,104 - Knowledge - INFO - Populating ingest queue with source files...
2025-11-13 08:05:10,260 - Knowledge - INFO - Added 392 files from /app/data/T0015/224022/b0280is/universalinit-224022 to ingest queue
2025-11-13 08:05:10,451 - Knowledge - INFO - Worker kw1 created using shared MongoDB connection pool
2025-11-13 08:05:10,652 - Knowledge - INFO - knowledge worker kw1 start
2025-11-13 08:05:10,653 - Knowledge - INFO - Worker kw2 created using shared MongoDB connection pool
2025-11-13 08:05:10,814 - Knowledge - INFO - [kw1] Queue=392, InProgress=0, PendingWorkers=0/1, Completed=0/392 (0.0%)
2025-11-13 08:05:10,895 - Knowledge - INFO - knowledge worker kw2 start
2025-11-13 08:05:10,895 - Knowledge - INFO - Worker kw3 created using shared MongoDB connection pool
2025-11-13 08:05:10,994 - Knowledge - INFO - Batch sizing: calculated=15, max_allowed=25, queue=392, active_workers=0/2
2025-11-13 08:05:11,108 - Knowledge - INFO - [kw2] Queue=392, InProgress=0, PendingWorkers=0/2, Completed=0/392 (0.0%)
2025-11-13 08:05:11,191 - Knowledge - INFO - knowledge worker kw3 start
2025-11-13 08:05:11,191 - Knowledge - INFO - Worker kw4 created using shared MongoDB connection pool
2025-11-13 08:05:11,268 - Knowledge - INFO - Worker kw1 processing /app/data/T0015/224022/b0280is/universalinit-224022/test/test_nuxt_template.py
2025-11-13 08:05:11,353 - Knowledge - INFO - Batch sizing: calculated=15, max_allowed=25, queue=392, active_workers=1/3
2025-11-13 08:05:11,433 - Knowledge - INFO - [kw3] Queue=377, InProgress=0, PendingWorkers=1/3, Completed=0/392 (0.0%)
2025-11-13 08:05:11,516 - Knowledge - INFO - knowledge worker kw4 start
2025-11-13 08:05:11,516 - Knowledge - INFO - Worker kw5 created using shared MongoDB connection pool
2025-11-13 08:05:11,587 - Knowledge - INFO - Fast-tracked /app/data/T0015/224022/b0280is/universalinit-224022/test/test_nuxt_template.py (ext=.py, size=7320)
2025-11-13 08:05:11,680 - Knowledge - INFO - Worker kw2 processing /app/data/T0015/224022/b0280is/universalinit-224022/test/test_remix_template.py
2025-11-13 08:05:11,753 - Knowledge - INFO - Batch sizing: calculated=15, max_allowed=25, queue=377, active_workers=2/4
2025-11-13 08:05:11,883 - Knowledge - INFO - [kw4] Queue=362, InProgress=0, PendingWorkers=2/4, Completed=0/392 (0.0%)
2025-11-13 08:05:12,000 - Knowledge - INFO - knowledge worker kw5 start
2025-11-13 08:05:12,001 - Knowledge - INFO - Worker kw6 created using shared MongoDB connection pool
2025-11-13 08:05:12,078 - Knowledge - INFO - Worker kw1 processing /app/data/T0015/224022/b0280is/universalinit-224022/test/test_springboot_template.py
2025-11-13 08:05:12,163 - Knowledge - INFO - Fast-tracked /app/data/T0015/224022/b0280is/universalinit-224022/test/test_remix_template.py (ext=.py, size=8363)
2025-11-13 08:05:12,234 - Knowledge - INFO - Worker kw3 processing /app/data/T0015/224022/b0280is/universalinit-224022/test/test_mysql_template.py
2025-11-13 08:05:12,313 - Knowledge - INFO - Batch sizing: calculated=15, max_allowed=25, queue=362, active_workers=3/5
2025-11-13 08:05:12,390 - Knowledge - INFO - [kw5] Queue=347, InProgress=0, PendingWorkers=3/5, Completed=0/392 (0.0%)
2025-11-13 08:05:12,557 - Knowledge - INFO - knowledge worker kw6 start
2025-11-13 08:05:12,558 - Knowledge - INFO - Worker kw7 created using shared MongoDB connection pool
2025-11-13 08:05:12,629 - Knowledge - INFO - Fast-tracked /app/data/T0015/224022/b0280is/universalinit-224022/test/test_springboot_template.py (ext=.py, size=13688)
2025-11-13 08:05:12,720 - Knowledge - INFO - Worker kw2 processing /app/data/T0015/224022/b0280is/universalinit-224022/test/test_remotion_template.py
2025-11-13 08:05:12,821 - Knowledge - INFO - Fast-tracked /app/data/T0015/224022/b0280is/universalinit-224022/test/test_mysql_template.py (ext=.py, size=13273)
2025-11-13 08:05:12,894 - Knowledge - INFO - Worker kw4 processing /app/data/T0015/224022/b0280is/universalinit-224022/src/universalinit/templates/vue/src/main.ts
2025-11-13 08:05:12,976 - Knowledge - INFO - Batch sizing: calculated=15, max_allowed=25, queue=347, active_workers=4/6
2025-11-13 08:05:13,079 - Knowledge - INFO - [kw6] Queue=332, InProgress=0, PendingWorkers=4/6, Completed=0/392 (0.0%)
2025-11-13 08:05:13,152 - Knowledge - INFO - knowledge worker kw7 start
2025-11-13 08:05:13,152 - Knowledge - INFO - Worker kw8 created using shared MongoDB connection pool
2025-11-13 08:05:13,273 - Knowledge - INFO - Worker kw1 processing /app/data/T0015/224022/b0280is/universalinit-224022/test/test_typescript_template.py
2025-11-13 08:05:13,379 - Knowledge - INFO - Fast-tracked /app/data/T0015/224022/b0280is/universalinit-224022/test/test_remotion_template.py (ext=.py, size=6961)
2025-11-13 08:05:13,494 - Knowledge - INFO - Worker kw3 processing /app/data/T0015/224022/b0280is/universalinit-224022/test/test_mongodb_template.py
2025-11-13 08:05:13,585 - Knowledge - INFO - Fast-tracked /app/data/T0015/224022/b0280is/universalinit-224022/src/universalinit/templates/vue/src/main.ts (ext=.ts, size=242)
2025-11-13 08:05:13,659 - Knowledge - INFO - Worker kw5 processing /app/data/T0015/224022/b0280is/universalinit-224022/src/universalinit/templates/fastapi/src/api/main.py
2025-11-13 08:05:13,742 - Knowledge - INFO - Batch sizing: calculated=15, max_allowed=25, queue=332, active_workers=5/7
2025-11-13 08:05:13,824 - Knowledge - INFO - [kw7] Queue=317, InProgress=0, PendingWorkers=5/7, Completed=0/392 (0.0%)
2025-11-13 08:05:13,903 - Knowledge - INFO - knowledge worker kw8 start
2025-11-13 08:05:13,903 - Knowledge - INFO - Worker kw9 created using shared MongoDB connection pool
2025-11-13 08:05:14,039 - Knowledge - INFO - Fast-tracked /app/data/T0015/224022/b0280is/universalinit-224022/test/test_typescript_template.py (ext=.py, size=7042)
2025-11-13 08:05:14,117 - Knowledge - INFO - Worker kw2 processing /app/data/T0015/224022/b0280is/universalinit-224022/test/test_vue_template.py
2025-11-13 08:05:14,204 - Knowledge - INFO - Fast-tracked /app/data/T0015/224022/b0280is/universalinit-224022/test/test_mongodb_template.py (ext=.py, size=12127)
2025-11-13 08:05:14,333 - Knowledge - INFO - Worker kw4 processing /app/data/T0015/224022/b0280is/universalinit-224022/src/universalinit/templates/vue/src/components/__tests__/HelloWorld.spec.ts
2025-11-13 08:05:14,417 - Knowledge - INFO - Fast-tracked /app/data/T0015/224022/b0280is/universalinit-224022/src/universalinit/templates/fastapi/src/api/main.py (ext=.py, size=311)
2025-11-13 08:05:14,512 - Knowledge - INFO - Worker kw6 processing /app/data/T0015/224022/b0280is/universalinit-224022/src/universalinit/templates/nativescript/package.json
2025-11-13 08:05:14,603 - Knowledge - INFO - Batch sizing: calculated=15, max_allowed=25, queue=317, active_workers=6/8
2025-11-13 08:05:14,680 - Knowledge - INFO - [kw8] Queue=302, InProgress=0, PendingWorkers=6/8, Completed=0/392 (0.0%)
2025-11-13 08:05:14,802 - Knowledge - INFO - knowledge worker kw9 start
2025-11-13 08:05:14,802 - Knowledge - INFO - Worker kw10 created using shared MongoDB connection pool
2025-11-13 08:05:14,880 - Knowledge - INFO - Worker kw1 processing /app/data/T0015/224022/b0280is/universalinit-224022/test/test_slidev_template.py
2025-11-13 08:05:14,960 - Knowledge - INFO - Fast-tracked /app/data/T0015/224022/b0280is/universalinit-224022/test/test_vue_template.py (ext=.py, size=6830)
2025-11-13 08:05:15,029 - Knowledge - INFO - Worker kw3 processing /app/data/T0015/224022/b0280is/universalinit-224022/test/test_dotnet_template.py
2025-11-13 08:05:15,139 - Knowledge - INFO - Fast-tracked /app/data/T0015/224022/b0280is/universalinit-224022/src/universalinit/templates/vue/src/components/__tests__/HelloWorld.spec.ts (ext=.ts, size=330)
2025-11-13 08:05:15,233 - Knowledge - INFO - Worker kw5 processing /app/data/T0015/224022/b0280is/universalinit-224022/src/universalinit/templates/fastapi/src/api/generate_openapi.py
2025-11-13 08:05:15,323 - Knowledge - INFO - Fast-tracked /app/data/T0015/224022/b0280is/universalinit-224022/src/universalinit/templates/nativescript/package.json (ext=.json, size=257)
2025-11-13 08:05:15,424 - Knowledge - INFO - Worker kw7 processing /app/data/T0015/224022/b0280is/universalinit-224022/src/universalinit/templates/nativescript/App_Resources/Android/src/main/res/values-v21/styles.xml
2025-11-13 08:05:15,522 - Knowledge - INFO - Batch sizing: calculated=15, max_allowed=25, queue=302, active_workers=7/9
2025-11-13 08:05:15,621 - Knowledge - INFO - [kw9] Queue=287, InProgress=0, PendingWorkers=7/9, Completed=0/392 (0.0%)
2025-11-13 08:05:15,700 - Knowledge - INFO - knowledge worker kw10 start
2025-11-13 08:05:15,700 - Knowledge - INFO - Worker kw11 created using shared MongoDB connection pool
2025-11-13 08:05:15,768 - Knowledge - INFO - Fast-tracked /app/data/T0015/224022/b0280is/universalinit-224022/test/test_slidev_template.py (ext=.py, size=9962)
2025-11-13 08:05:15,887 - Knowledge - INFO - Worker kw2 processing /app/data/T0015/224022/b0280is/universalinit-224022/test/test_fastapi_template.py
2025-11-13 08:05:15,990 - Knowledge - INFO - Fast-tracked /app/data/T0015/224022/b0280is/universalinit-224022/test/test_dotnet_template.py (ext=.py, size=7546)
2025-11-13 08:05:16,083 - Knowledge - INFO - Worker kw4 processing /app/data/T0015/224022/b0280is/universalinit-224022/src/universalinit/templates/vue/src/router/index.ts
2025-11-13 08:05:16,157 - Knowledge - INFO - Fast-tracked /app/data/T0015/224022/b0280is/universalinit-224022/src/universalinit/templates/fastapi/src/api/generate_openapi.py (ext=.py, size=324)
2025-11-13 08:05:16,250 - Knowledge - INFO - Worker kw6 processing /app/data/T0015/224022/b0280is/universalinit-224022/src/universalinit/templates/nativescript/webpack.config.js
2025-11-13 08:05:16,367 - Knowledge - INFO - Fast-tracked /app/data/T0015/224022/b0280is/universalinit-224022/src/universalinit/templates/nativescript/App_Resources/Android/src/main/res/values-v21/styles.xml (ext=.xml, size=1544)
2025-11-13 08:05:16,443 - Knowledge - INFO - Worker kw8 processing /app/data/T0015/224022/b0280is/universalinit-224022/src/universalinit/templates/qwik/src/routes/service-worker.ts
2025-11-13 08:05:16,528 - Knowledge - INFO - Batch sizing: calculated=15, max_allowed=25, queue=287, active_workers=8/10
2025-11-13 08:05:16,618 - Knowledge - INFO - [kw10] Queue=272, InProgress=0, PendingWorkers=8/10, Completed=0/392 (0.0%)
2025-11-13 08:05:16,692 - Knowledge - INFO - knowledge worker kw11 start
2025-11-13 08:05:16,693 - Knowledge - INFO - Worker kw12 created using shared MongoDB connection pool
2025-11-13 08:05:16,801 - Knowledge - INFO - Worker kw1 processing /app/data/T0015/224022/b0280is/universalinit-224022/test/test_django_template.py
2025-11-13 08:05:16,878 - Knowledge - INFO - Fast-tracked /app/data/T0015/224022/b0280is/universalinit-224022/test/test_fastapi_template.py (ext=.py, size=7551)
2025-11-13 08:05:16,980 - Knowledge - INFO - Worker kw3 processing /app/data/T0015/224022/b0280is/universalinit-224022/src/universalinit/universalinit.py
2025-11-13 08:05:17,108 - Knowledge - INFO - Fast-tracked /app/data/T0015/224022/b0280is/universalinit-224022/src/universalinit/templates/vue/src/router/index.ts (ext=.ts, size=591)
2025-11-13 08:05:17,235 - Knowledge - INFO - Worker kw5 processing /app/data/T0015/224022/b0280is/universalinit-224022/src/universalinit/templates/fastapi/requirements.txt
2025-11-13 08:05:17,327 - Knowledge - INFO - Fast-tracked /app/data/T0015/224022/b0280is/universalinit-224022/src/universalinit/templates/nativescript/webpack.config.js (ext=.js, size=207)
2025-11-13 08:05:17,402 - Knowledge - INFO - Worker kw7 processing /app/data/T0015/224022/b0280is/universalinit-224022/src/universalinit/templates/nativescript/App_Resources/Android/src/main/res/values-v29/styles.xml
2025-11-13 08:05:17,479 - Knowledge - INFO - Fast-tracked /app/data/T0015/224022/b0280is/universalinit-224022/src/universalinit/templates/qwik/src/routes/service-worker.ts (ext=.ts, size=631)
2025-11-13 08:05:17,579 - Knowledge - INFO - Worker kw9 processing /app/data/T0015/224022/b0280is/universalinit-224022/src/universalinit/templates/nextjs/src/app/globals.css
2025-11-13 08:05:17,665 - Knowledge - INFO - Batch sizing: calculated=15, max_allowed=25, queue=272, active_workers=9/11
2025-11-13 08:05:17,747 - Knowledge - INFO - [kw11] Queue=257, InProgress=0, PendingWorkers=9/11, Completed=0/392 (0.0%)
2025-11-13 08:05:17,823 - Knowledge - INFO - knowledge worker kw12 start
2025-11-13 08:05:17,823 - Knowledge - INFO - Worker kw13 created using shared MongoDB connection pool
2025-11-13 08:05:17,903 - Knowledge - INFO - Fast-tracked /app/data/T0015/224022/b0280is/universalinit-224022/test/test_django_template.py (ext=.py, size=7775)
2025-11-13 08:05:17,993 - Knowledge - INFO - Worker kw2 processing /app/data/T0015/224022/b0280is/universalinit-224022/test/test_vite_template.py
2025-11-13 08:05:18,085 - Knowledge - INFO - Worker kw3 processing /app/data/T0015/224022/b0280is/universalinit-224022/src/universalinit/templates.py
2025-11-13 08:05:18,159 - Knowledge - INFO - Worker kw4 processing /app/data/T0015/224022/b0280is/universalinit-224022/src/universalinit/templates/vue/src/assets/main.css
2025-11-13 08:05:18,239 - Knowledge - INFO - Fast-tracked /app/data/T0015/224022/b0280is/universalinit-224022/src/universalinit/templates/fastapi/requirements.txt (ext=.txt, size=742)
2025-11-13 08:05:18,331 - Knowledge - INFO - Worker kw6 processing /app/data/T0015/224022/b0280is/universalinit-224022/src/universalinit/templates/nativescript/config.yml
2025-11-13 08:05:18,412 - Knowledge - INFO - Fast-tracked /app/data/T0015/224022/b0280is/universalinit-224022/src/universalinit/templates/nativescript/App_Resources/Android/src/main/res/values-v29/styles.xml (ext=.xml, size=573)
2025-11-13 08:05:18,490 - Knowledge - INFO - Worker kw8 processing /app/data/T0015/224022/b0280is/universalinit-224022/src/universalinit/templates/qwik/src/routes/layout.tsx
2025-11-13 08:05:18,612 - Knowledge - INFO - Fast-tracked /app/data/T0015/224022/b0280is/universalinit-224022/src/universalinit/templates/nextjs/src/app/globals.css (ext=.css, size=407)
2025-11-13 08:05:18,692 - Knowledge - INFO - Worker kw10 processing /app/data/T0015/224022/b0280is/universalinit-224022/src/universalinit/templates/solananextjs/src/components/Modal.tsx
2025-11-13 08:05:18,805 - Knowledge - INFO - Batch sizing: calculated=15, max_allowed=25, queue=257, active_workers=10/12
2025-11-13 08:05:18,887 - Knowledge - INFO - [kw12] Queue=242, InProgress=0, PendingWorkers=10/12, Completed=0/392 (0.0%)
2025-11-13 08:05:18,980 - Knowledge - INFO - knowledge worker kw13 start
2025-11-13 08:05:18,980 - Knowledge - INFO - Worker kw14 created using shared MongoDB connection pool
2025-11-13 08:05:19,055 - Knowledge - INFO - Worker kw1 processing /app/data/T0015/224022/b0280is/universalinit-224022/test/test_run_command_info.py
2025-11-13 08:05:19,142 - Knowledge - INFO - Fast-tracked /app/data/T0015/224022/b0280is/universalinit-224022/test/test_vite_template.py (ext=.py, size=7335)
2025-11-13 08:05:19,224 - Knowledge - INFO - Fast-tracked /app/data/T0015/224022/b0280is/universalinit-224022/src/universalinit/templates.py (ext=.py, size=1406)
2025-11-13 08:05:19,303 - Knowledge - INFO - Fast-tracked /app/data/T0015/224022/b0280is/universalinit-224022/src/universalinit/templates/vue/src/assets/main.css (ext=.css, size=492)
2025-11-13 08:05:19,391 - Knowledge - INFO - Worker kw5 processing /app/data/T0015/224022/b0280is/universalinit-224022/src/universalinit/templates/fastapi/config.yml
2025-11-13 08:05:19,503 - Knowledge - INFO - Fast-tracked /app/data/T0015/224022/b0280is/universalinit-224022/src/universalinit/templates/nativescript/config.yml (ext=.yml, size=1512)
2025-11-13 08:05:19,618 - Knowledge - INFO - Worker kw7 processing /app/data/T0015/224022/b0280is/universalinit-224022/src/universalinit/templates/nativescript/App_Resources/Android/src/main/res/mipmap-anydpi-v26/ic_launcher.xml
2025-11-13 08:05:19,715 - Knowledge - INFO - Fast-tracked /app/data/T0015/224022/b0280is/universalinit-224022/src/universalinit/templates/qwik/src/routes/layout.tsx (ext=.tsx, size=456)
2025-11-13 08:05:19,796 - Knowledge - INFO - Worker kw9 processing /app/data/T0015/224022/b0280is/universalinit-224022/src/universalinit/templates/nextjs/src/app/layout.tsx
2025-11-13 08:05:19,883 - Knowledge - INFO - Fast-tracked /app/data/T0015/224022/b0280is/universalinit-224022/src/universalinit/templates/solananextjs/src/components/Modal.tsx (ext=.tsx, size=995)
2025-11-13 08:05:19,958 - Knowledge - INFO - Worker kw11 processing /app/data/T0015/224022/b0280is/universalinit-224022/src/universalinit/templates/solananextjs/config.yml
2025-11-13 08:05:20,038 - Knowledge - INFO - Batch sizing: calculated=15, max_allowed=25, queue=242, active_workers=11/13
2025-11-13 08:05:20,117 - Knowledge - INFO - [kw13] Queue=227, InProgress=0, PendingWorkers=11/13, Completed=0/392 (0.0%)
2025-11-13 08:05:20,200 - Knowledge - INFO - Worker kw15 created using shared MongoDB connection pool
2025-11-13 08:05:20,200 - Knowledge - INFO - knowledge worker kw14 start
2025-11-13 08:05:20,278 - Knowledge - INFO - Fast-tracked /app/data/T0015/224022/b0280is/universalinit-224022/test/test_run_command_info.py (ext=.py, size=4188)
2025-11-13 08:05:20,372 - Knowledge - INFO - Worker kw2 processing /app/data/T0015/224022/b0280is/universalinit-224022/test/test_postgresql_template.py
2025-11-13 08:05:20,451 - Knowledge - INFO - Worker kw3 processing /app/data/T0015/224022/b0280is/universalinit-224022/src/universalinit/common/backup_db.sh
2025-11-13 08:05:20,524 - Knowledge - INFO - Worker kw4 processing /app/data/T0015/224022/b0280is/universalinit-224022/src/universalinit/templates/vue/src/assets/base.css
2025-11-13 08:05:20,606 - Knowledge - INFO - Fast-tracked /app/data/T0015/224022/b0280is/universalinit-224022/src/universalinit/templates/fastapi/config.yml (ext=.yml, size=1604)
2025-11-13 08:05:20,689 - Knowledge - INFO - Worker kw6 processing /app/data/T0015/224022/b0280is/universalinit-224022/src/universalinit/templates/nativescript/app/app.css
2025-11-13 08:05:20,817 - Knowledge - INFO - Fast-tracked /app/data/T0015/224022/b0280is/universalinit-224022/src/universalinit/templates/nativescript/App_Resources/Android/src/main/res/mipmap-anydpi-v26/ic_launcher.xml (ext=.xml, size=267)
2025-11-13 08:05:20,933 - Knowledge - INFO - Worker kw8 processing /app/data/T0015/224022/b0280is/universalinit-224022/src/universalinit/templates/qwik/src/routes/styles.css
2025-11-13 08:05:21,012 - Knowledge - INFO - Fast-tracked /app/data/T0015/224022/b0280is/universalinit-224022/src/universalinit/templates/nextjs/src/app/layout.tsx (ext=.tsx, size=422)
2025-11-13 08:05:21,105 - Knowledge - INFO - Worker kw10 processing /app/data/T0015/224022/b0280is/universalinit-224022/src/universalinit/templates/solananextjs/src/components/Button.tsx
2025-11-13 08:05:22,382 - Knowledge - INFO - Worker kw9 processing /app/data/T0015/224022/b0280is/universalinit-224022/src/universalinit/templates/nextjs/src/app/not-found.tsx
2025-11-13 08:05:21,302 - Knowledge - INFO - Worker kw12 processing /app/data/T0015/224022/b0280is/universalinit-224022/src/universalinit/templates/tizen/README.md
2025-11-13 08:05:21,375 - Knowledge - INFO - Batch sizing: calculated=15, max_allowed=25, queue=227, active_workers=12/14
2025-11-13 08:05:21,468 - Knowledge - INFO - knowledge worker kw15 start
2025-11-13 08:05:21,468 - Knowledge - INFO - Worker kw16 created using shared MongoDB connection pool
2025-11-13 08:05:21,535 - Knowledge - INFO - [kw14] Queue=212, InProgress=0, PendingWorkers=12/15, Completed=0/392 (0.0%)
2025-11-13 08:05:21,629 - Knowledge - INFO - Worker kw1 processing /app/data/T0015/224022/b0280is/universalinit-224022/test/test_envmapper.py
2025-11-13 08:05:21,721 - Knowledge - INFO - Fast-tracked /app/data/T0015/224022/b0280is/universalinit-224022/test/test_postgresql_template.py (ext=.py, size=15038)
2025-11-13 08:05:21,824 - Knowledge - INFO - Worker kw3 processing /app/data/T0015/224022/b0280is/universalinit-224022/src/universalinit/common/restore_db.sh
2025-11-13 08:05:21,906 - Knowledge - INFO - Fast-tracked /app/data/T0015/224022/b0280is/universalinit-224022/src/universalinit/templates/vue/src/assets/base.css (ext=.css, size=2067)
2025-11-13 08:05:21,996 - Knowledge - INFO - Worker kw5 processing /app/data/T0015/224022/b0280is/universalinit-224022/src/universalinit/templates/vite/src/main.js
2025-11-13 08:05:22,072 - Knowledge - INFO - Fast-tracked /app/data/T0015/224022/b0280is/universalinit-224022/src/universalinit/templates/nativescript/app/app.css (ext=.css, size=224)
2025-11-13 08:05:22,137 - Knowledge - INFO - Worker kw7 processing /app/data/T0015/224022/b0280is/universalinit-224022/src/universalinit/templates/nativescript/App_Resources/Android/src/main/res/drawable-nodpi/splash_screen.xml
2025-11-13 08:05:22,284 - Knowledge - INFO - Fast-tracked /app/data/T0015/224022/b0280is/universalinit-224022/src/universalinit/templates/qwik/src/routes/styles.css (ext=.css, size=545)
2025-11-13 08:05:21,181 - Knowledge - INFO - Fast-tracked /app/data/T0015/224022/b0280is/universalinit-224022/src/universalinit/templates/solananextjs/config.yml (ext=.yml, size=1032)
2025-11-13 08:05:22,502 - Knowledge - INFO - Fast-tracked /app/data/T0015/224022/b0280is/universalinit-224022/src/universalinit/templates/solananextjs/src/components/Button.tsx (ext=.tsx, size=887)
2025-11-13 08:05:22,591 - Knowledge - INFO - Fast-tracked /app/data/T0015/224022/b0280is/universalinit-224022/src/universalinit/templates/nextjs/src/app/not-found.tsx (ext=.tsx, size=416)
2025-11-13 08:05:22,671 - Knowledge - INFO - Fast-tracked /app/data/T0015/224022/b0280is/universalinit-224022/src/universalinit/templates/tizen/README.md (ext=.md, size=1157)
2025-11-13 08:05:22,795 - Knowledge - INFO - Worker kw13 processing /app/data/T0015/224022/b0280is/universalinit-224022/src/universalinit/templates/angular/tsconfig.app.json
2025-11-13 08:05:22,997 - Knowledge - INFO - [kw15] Queue=197, InProgress=0, PendingWorkers=13/15, Completed=0/392 (0.0%)
2025-11-13 08:05:23,070 - Knowledge - INFO - knowledge worker kw16 start
2025-11-13 08:05:23,070 - Knowledge - INFO - Worker kw17 created using shared MongoDB connection pool
2025-11-13 08:05:23,153 - Knowledge - INFO - Batch sizing: calculated=15, max_allowed=25, queue=212, active_workers=13/16
2025-11-13 08:05:23,249 - Knowledge - INFO - Fast-tracked /app/data/T0015/224022/b0280is/universalinit-224022/test/test_envmapper.py (ext=.py, size=14900)
2025-11-13 08:05:23,337 - Knowledge - INFO - Worker kw2 processing /app/data/T0015/224022/b0280is/universalinit-224022/test/test_nativescript_template.py
2025-11-13 08:05:23,423 - Knowledge - INFO - Worker kw3 processing /app/data/T0015/224022/b0280is/universalinit-224022/src/universalinit/common/db_visualizer/package.json
2025-11-13 08:05:23,504 - Knowledge - INFO - Worker kw4 processing /app/data/T0015/224022/b0280is/universalinit-224022/src/universalinit/templates/vue/eslint.config.ts
2025-11-13 08:05:23,583 - Knowledge - INFO - Fast-tracked /app/data/T0015/224022/b0280is/universalinit-224022/src/universalinit/templates/vite/src/main.js (ext=.js, size=746)
2025-11-13 08:05:23,667 - Knowledge - INFO - Worker kw6 processing /app/data/T0015/224022/b0280is/universalinit-224022/src/universalinit/templates/nativescript/app/app.js
2025-11-13 08:05:23,784 - Knowledge - INFO - Fast-tracked /app/data/T0015/224022/b0280is/universalinit-224022/src/universalinit/templates/nativescript/App_Resources/Android/src/main/res/drawable-nodpi/splash_screen.xml (ext=.xml, size=304)
2025-11-13 08:05:23,885 - Knowledge - INFO - Worker kw8 processing /app/data/T0015/224022/b0280is/universalinit-224022/src/universalinit/templates/qwik/src/components/router-head/router-head.tsx
2025-11-13 08:05:23,968 - Knowledge - INFO - Worker kw11 processing /app/data/T0015/224022/b0280is/universalinit-224022/src/universalinit/templates/solananextjs/tsconfig.json
2025-11-13 08:05:24,035 - Knowledge - INFO - Worker kw10 processing /app/data/T0015/224022/b0280is/universalinit-224022/src/universalinit/templates/solananextjs/src/components/Card.tsx
2025-11-13 08:05:24,131 - Knowledge - INFO - Worker kw9 processing /app/data/T0015/224022/b0280is/universalinit-224022/src/universalinit/templates/nextjs/next.config.ts
2025-11-13 08:05:24,229 - Knowledge - INFO - Worker kw12 processing /app/data/T0015/224022/b0280is/universalinit-224022/src/universalinit/templates/tizen/index.html
2025-11-13 08:05:24,320 - Knowledge - INFO - Fast-tracked /app/data/T0015/224022/b0280is/universalinit-224022/src/universalinit/templates/angular/tsconfig.app.json (ext=.json, size=489)
2025-11-13 08:05:24,423 - Knowledge - INFO - Batch sizing: calculated=12, max_allowed=25, queue=197, active_workers=13/16
2025-11-13 08:05:24,536 - Knowledge - INFO - [kw16] Queue=197, InProgress=0, PendingWorkers=13/16, Completed=0/392 (0.0%)
2025-11-13 08:05:24,617 - Knowledge - INFO - knowledge worker kw17 start
2025-11-13 08:05:24,617 - Knowledge - INFO - Worker kw18 created using shared MongoDB connection pool
2025-11-13 08:05:24,714 - Knowledge - INFO - Worker kw14 processing /app/data/T0015/224022/b0280is/universalinit-224022/src/universalinit/templates/express/package.json
2025-11-13 08:05:24,788 - Knowledge - INFO - Worker kw1 processing /app/data/T0015/224022/b0280is/universalinit-224022/test/test_svelte_template.py
2025-11-13 08:05:24,859 - Knowledge - INFO - Fast-tracked /app/data/T0015/224022/b0280is/universalinit-224022/test/test_nativescript_template.py (ext=.py, size=12725)
2025-11-13 08:05:24,942 - Knowledge - INFO - Fast-tracked /app/data/T0015/224022/b0280is/universalinit-224022/src/universalinit/common/db_visualizer/package.json (ext=.json, size=457)
2025-11-13 08:05:25,020 - Knowledge - INFO - Fast-tracked /app/data/T0015/224022/b0280is/universalinit-224022/src/universalinit/templates/vue/eslint.config.ts (ext=.ts, size=949)
2025-11-13 08:05:25,100 - Knowledge - INFO - Worker kw5 processing /app/data/T0015/224022/b0280is/universalinit-224022/src/universalinit/templates/vite/src/style.css
2025-11-13 08:05:25,212 - Knowledge - INFO - Fast-tracked /app/data/T0015/224022/b0280is/universalinit-224022/src/universalinit/templates/nativescript/app/app.js (ext=.js, size=197)
2025-11-13 08:05:25,323 - Knowledge - INFO - Worker kw7 processing /app/data/T0015/224022/b0280is/universalinit-224022/src/universalinit/templates/nativescript/App_Resources/Android/src/main/AndroidManifest.xml
2025-11-13 08:05:25,403 - Knowledge - INFO - Fast-tracked /app/data/T0015/224022/b0280is/universalinit-224022/src/universalinit/templates/qwik/src/components/router-head/router-head.tsx (ext=.tsx, size=1204)
2025-11-13 08:05:25,481 - Knowledge - INFO - Fast-tracked /app/data/T0015/224022/b0280is/universalinit-224022/src/universalinit/templates/solananextjs/tsconfig.json (ext=.json, size=602)
2025-11-13 08:05:25,578 - Knowledge - INFO - Fast-tracked /app/data/T0015/224022/b0280is/universalinit-224022/src/universalinit/templates/solananextjs/src/components/Card.tsx (ext=.tsx, size=336)
2025-11-13 08:05:25,649 - Knowledge - INFO - Fast-tracked /app/data/T0015/224022/b0280is/universalinit-224022/src/universalinit/templates/nextjs/next.config.ts (ext=.ts, size=125)
2025-11-13 08:05:25,755 - Knowledge - INFO - Fast-tracked /app/data/T0015/224022/b0280is/universalinit-224022/src/universalinit/templates/tizen/index.html (ext=.html, size=581)
2025-11-13 08:05:25,825 - Knowledge - INFO - Worker kw13 processing /app/data/T0015/224022/b0280is/universalinit-224022/src/universalinit/templates/angular/package.json
2025-11-13 08:05:25,940 - Knowledge - INFO - Worker kw15 processing /app/data/T0015/224022/b0280is/universalinit-224022/src/universalinit/templates/flutter/test/widget_test.dart
2025-11-13 08:05:26,010 - Knowledge - INFO - Batch sizing: calculated=12, max_allowed=25, queue=197, active_workers=15/17
2025-11-13 08:05:26,084 - Knowledge - INFO - [kw17] Queue=170, InProgress=0, PendingWorkers=15/17, Completed=0/392 (0.0%)
2025-11-13 08:05:26,198 - Knowledge - INFO - Worker kw19 created using shared MongoDB connection pool
2025-11-13 08:05:26,198 - Knowledge - INFO - knowledge worker kw18 start
2025-11-13 08:05:26,274 - Knowledge - INFO - Fast-tracked /app/data/T0015/224022/b0280is/universalinit-224022/src/universalinit/templates/express/package.json (ext=.json, size=968)
2025-11-13 08:05:26,366 - Knowledge - INFO - Fast-tracked /app/data/T0015/224022/b0280is/universalinit-224022/test/test_svelte_template.py (ext=.py, size=7280)
2025-11-13 08:05:26,462 - Knowledge - INFO - Worker kw2 processing /app/data/T0015/224022/b0280is/universalinit-224022/test/test_nextjs_template.py
2025-11-13 08:05:26,553 - Knowledge - INFO - Worker kw3 processing /app/data/T0015/224022/b0280is/universalinit-224022/src/universalinit/common/db_visualizer/server.js
2025-11-13 08:05:26,628 - Knowledge - INFO - Worker kw4 processing /app/data/T0015/224022/b0280is/universalinit-224022/src/universalinit/templates/vue/tsconfig.app.json
2025-11-13 08:05:26,708 - Knowledge - INFO - Fast-tracked /app/data/T0015/224022/b0280is/universalinit-224022/src/universalinit/templates/vite/src/style.css (ext=.css, size=1523)
2025-11-13 08:05:26,792 - Knowledge - INFO - Worker kw6 processing /app/data/T0015/224022/b0280is/universalinit-224022/src/universalinit/templates/nativescript/app/app-root.xml
2025-11-13 08:05:26,923 - Knowledge - INFO - Fast-tracked /app/data/T0015/224022/b0280is/universalinit-224022/src/universalinit/templates/nativescript/App_Resources/Android/src/main/AndroidManifest.xml (ext=.xml, size=1533)
2025-11-13 08:05:26,992 - Knowledge - INFO - Worker kw8 processing /app/data/T0015/224022/b0280is/universalinit-224022/src/universalinit/templates/qwik/src/root.tsx
2025-11-13 08:05:27,069 - Knowledge - INFO - Worker kw11 processing /app/data/T0015/224022/b0280is/universalinit-224022/src/universalinit/templates/solananextjs/README.md
2025-11-13 08:05:27,190 - Knowledge - INFO - Worker kw10 processing /app/data/T0015/224022/b0280is/universalinit-224022/src/universalinit/templates/solananextjs/src/app/page.tsx
2025-11-13 08:05:27,278 - Knowledge - INFO - Worker kw9 processing /app/data/T0015/224022/b0280is/universalinit-224022/src/universalinit/templates/nextjs/package.json
2025-11-13 08:05:27,359 - Knowledge - INFO - Worker kw12 processing /app/data/T0015/224022/b0280is/universalinit-224022/src/universalinit/templates/tizen/vite.config.js
2025-11-13 08:05:27,476 - Knowledge - INFO - Fast-tracked /app/data/T0015/224022/b0280is/universalinit-224022/src/universalinit/templates/angular/package.json (ext=.json, size=1355)
2025-11-13 08:05:27,578 - Knowledge - INFO - Fast-tracked /app/data/T0015/224022/b0280is/universalinit-224022/src/universalinit/templates/flutter/test/widget_test.dart (ext=.dart, size=658)
2025-11-13 08:05:27,670 - Knowledge - INFO - Worker kw16 processing /app/data/T0015/224022/b0280is/universalinit-224022/src/universalinit/templates/flask/app/routes/health.py
2025-11-13 08:05:27,746 - Knowledge - INFO - Batch sizing: calculated=12, max_allowed=25, queue=170, active_workers=16/18
2025-11-13 08:05:27,848 - Knowledge - INFO - knowledge worker kw19 start
2025-11-13 08:05:27,848 - Knowledge - INFO - Worker kw20 created using shared MongoDB connection pool
2025-11-13 08:05:27,963 - Knowledge - INFO - [kw18] Queue=158, InProgress=0, PendingWorkers=16/19, Completed=0/392 (0.0%)
2025-11-13 08:05:28,041 - Knowledge - INFO - Worker kw14 processing /app/data/T0015/224022/b0280is/universalinit-224022/src/universalinit/templates/express/config.yml
2025-11-13 08:05:28,112 - Knowledge - INFO - Worker kw1 processing /app/data/T0015/224022/b0280is/universalinit-224022/test/test_android_template.py
2025-11-13 08:05:28,225 - Knowledge - INFO - Fast-tracked /app/data/T0015/224022/b0280is/universalinit-224022/test/test_nextjs_template.py (ext=.py, size=8793)
2025-11-13 08:05:28,296 - Knowledge - INFO - Worker kw3 processing /app/data/T0015/224022/b0280is/universalinit-224022/src/universalinit/common/db_visualizer/public/index.html
2025-11-13 08:05:28,392 - Knowledge - INFO - Fast-tracked /app/data/T0015/224022/b0280is/universalinit-224022/src/universalinit/templates/vue/tsconfig.app.json (ext=.json, size=289)
2025-11-13 08:05:28,488 - Knowledge - INFO - Worker kw5 processing /app/data/T0015/224022/b0280is/universalinit-224022/src/universalinit/templates/vite/src/counter.js
2025-11-13 08:05:28,582 - Knowledge - INFO - Fast-tracked /app/data/T0015/224022/b0280is/universalinit-224022/src/universalinit/templates/nativescript/app/app-root.xml (ext=.xml, size=39)
2025-11-13 08:05:28,669 - Knowledge - INFO - Worker kw7 processing /app/data/T0015/224022/b0280is/universalinit-224022/src/universalinit/templates/nativescript/App_Resources/Android/app.gradle
2025-11-13 08:05:28,751 - Knowledge - INFO - Fast-tracked /app/data/T0015/224022/b0280is/universalinit-224022/src/universalinit/templates/qwik/src/root.tsx (ext=.tsx, size=945)
2025-11-13 08:05:28,830 - Knowledge - INFO - Fast-tracked /app/data/T0015/224022/b0280is/universalinit-224022/src/universalinit/templates/solananextjs/README.md (ext=.md, size=672)
2025-11-13 08:05:28,920 - Knowledge - INFO - Fast-tracked /app/data/T0015/224022/b0280is/universalinit-224022/src/universalinit/templates/solananextjs/src/app/page.tsx (ext=.tsx, size=234)
2025-11-13 08:05:29,001 - Knowledge - INFO - Fast-tracked /app/data/T0015/224022/b0280is/universalinit-224022/src/universalinit/templates/nextjs/package.json (ext=.json, size=563)
2025-11-13 08:05:29,074 - Knowledge - INFO - Fast-tracked /app/data/T0015/224022/b0280is/universalinit-224022/src/universalinit/templates/tizen/vite.config.js (ext=.js, size=161)
2025-11-13 08:05:29,174 - Knowledge - INFO - Worker kw13 processing /app/data/T0015/224022/b0280is/universalinit-224022/src/universalinit/templates/angular/angular.json
2025-11-13 08:05:29,315 - Knowledge - INFO - Worker kw15 processing /app/data/T0015/224022/b0280is/universalinit-224022/src/universalinit/templates/flutter/config.yml
2025-11-13 08:05:29,407 - Knowledge - INFO - Fast-tracked /app/data/T0015/224022/b0280is/universalinit-224022/src/universalinit/templates/flask/app/routes/health.py (ext=.py, size=275)
2025-11-13 08:05:29,490 - Knowledge - INFO - Worker kw17 processing /app/data/T0015/224022/b0280is/universalinit-224022/src/universalinit/templates/lightningjs/package.json
2025-11-13 08:05:29,601 - Knowledge - INFO - [kw19] Queue=146, InProgress=0, PendingWorkers=17/19, Completed=0/392 (0.0%)
2025-11-13 08:05:29,691 - Knowledge - INFO - knowledge worker kw20 start
2025-11-13 08:05:29,772 - Knowledge - INFO - Batch sizing: calculated=12, max_allowed=25, queue=158, active_workers=17/20
2025-11-13 08:05:29,854 - Knowledge - INFO - Fast-tracked /app/data/T0015/224022/b0280is/universalinit-224022/src/universalinit/templates/express/config.yml (ext=.yml, size=1119)
2025-11-13 08:05:29,966 - Knowledge - INFO - Fast-tracked /app/data/T0015/224022/b0280is/universalinit-224022/test/test_android_template.py (ext=.py, size=15736)
2025-11-13 08:05:30,042 - Knowledge - INFO - Worker kw2 processing /app/data/T0015/224022/b0280is/universalinit-224022/test/conftest.py
2025-11-13 08:05:30,128 - Knowledge - INFO - Worker kw3 processing /app/data/T0015/224022/b0280is/universalinit-224022/src/universalinit/templateconfig.py
2025-11-13 08:05:30,241 - Knowledge - INFO - Worker kw4 processing /app/data/T0015/224022/b0280is/universalinit-224022/src/universalinit/templates/vue/package.json
2025-11-13 08:05:30,315 - Knowledge - INFO - Fast-tracked /app/data/T0015/224022/b0280is/universalinit-224022/src/universalinit/templates/vite/src/counter.js (ext=.js, size=247)
2025-11-13 08:05:30,398 - Knowledge - INFO - Worker kw6 processing /app/data/T0015/224022/b0280is/universalinit-224022/src/universalinit/templates/nativescript/app/home/home-page.xml
2025-11-13 08:05:30,500 - Knowledge - INFO - Fast-tracked /app/data/T0015/224022/b0280is/universalinit-224022/src/universalinit/templates/nativescript/App_Resources/Android/app.gradle (ext=.gradle, size=436)
2025-11-13 08:05:30,612 - Knowledge - INFO - Worker kw8 processing /app/data/T0015/224022/b0280is/universalinit-224022/src/universalinit/templates/qwik/src/entry.ssr.tsx
2025-11-13 08:05:30,692 - Knowledge - INFO - Worker kw11 processing /app/data/T0015/224022/b0280is/universalinit-224022/src/universalinit/templates/solananextjs/eslint.config.mjs
2025-11-13 08:05:30,782 - Knowledge - INFO - Worker kw10 processing /app/data/T0015/224022/b0280is/universalinit-224022/src/universalinit/templates/solananextjs/src/app/globals.css
2025-11-13 08:05:30,850 - Knowledge - INFO - Worker kw9 processing /app/data/T0015/224022/b0280is/universalinit-224022/src/universalinit/templates/nextjs/config.yml
2025-11-13 08:05:30,940 - Knowledge - INFO - Worker kw12 processing /app/data/T0015/224022/b0280is/universalinit-224022/src/universalinit/templates/angular/src/server.ts
2025-11-13 08:05:31,048 - Knowledge - INFO - Fast-tracked /app/data/T0015/224022/b0280is/universalinit-224022/src/universalinit/templates/angular/angular.json (ext=.json, size=2913)
2025-11-13 08:05:31,131 - Knowledge - INFO - Fast-tracked /app/data/T0015/224022/b0280is/universalinit-224022/src/universalinit/templates/flutter/config.yml (ext=.yml, size=1055)
2025-11-13 08:05:31,222 - Knowledge - INFO - Worker kw16 processing /app/data/T0015/224022/b0280is/universalinit-224022/src/universalinit/templates/flask/app/__init__.py
2025-11-13 08:05:31,314 - Knowledge - INFO - Fast-tracked /app/data/T0015/224022/b0280is/universalinit-224022/src/universalinit/templates/lightningjs/package.json (ext=.json, size=710)
2025-11-13 08:05:31,395 - Knowledge - INFO - Batch sizing: calculated=12, max_allowed=25, queue=146, active_workers=17/20
2025-11-13 08:05:31,471 - Knowledge - INFO - [kw20] Queue=146, InProgress=0, PendingWorkers=17/20, Completed=0/392 (0.0%)
2025-11-13 08:05:31,554 - Knowledge - INFO - Worker kw18 processing /app/data/T0015/224022/b0280is/universalinit-224022/src/universalinit/templates/lightningjs/docs/plugins_language.md
2025-11-13 08:05:31,653 - Knowledge - INFO - Worker kw14 processing /app/data/T0015/224022/b0280is/universalinit-224022/src/universalinit/templates/express/eslint.config.js
2025-11-13 08:05:31,771 - Knowledge - INFO - Worker kw1 processing /app/data/T0015/224022/b0280is/universalinit-224022/test/test_lightningjs_template.py
2025-11-13 08:05:31,847 - Knowledge - INFO - Fast-tracked /app/data/T0015/224022/b0280is/universalinit-224022/test/conftest.py (ext=.py, size=1489)
2025-11-13 08:05:31,975 - Knowledge - INFO - Worker kw3 processing /app/data/T0015/224022/b0280is/universalinit-224022/src/universalinit/cli.py
2025-11-13 08:05:32,057 - Knowledge - INFO - Fast-tracked /app/data/T0015/224022/b0280is/universalinit-224022/src/universalinit/templates/vue/package.json (ext=.json, size=1150)
2025-11-13 08:05:32,165 - Knowledge - INFO - Worker kw5 processing /app/data/T0015/224022/b0280is/universalinit-224022/src/universalinit/templates/vite/package.json
2025-11-13 08:05:32,274 - Knowledge - INFO - Fast-tracked /app/data/T0015/224022/b0280is/universalinit-224022/src/universalinit/templates/nativescript/app/home/home-page.xml (ext=.xml, size=236)
2025-11-13 08:05:32,384 - Knowledge - INFO - Worker kw7 processing /app/data/T0015/224022/b0280is/universalinit-224022/src/universalinit/templates/nativescript/App_Resources/Android/before-plugins.gradle
2025-11-13 08:05:32,472 - Knowledge - INFO - Fast-tracked /app/data/T0015/224022/b0280is/universalinit-224022/src/universalinit/templates/qwik/src/entry.ssr.tsx (ext=.tsx, size=765)
2025-11-13 08:05:32,546 - Knowledge - INFO - Fast-tracked /app/data/T0015/224022/b0280is/universalinit-224022/src/universalinit/templates/solananextjs/eslint.config.mjs (ext=.mjs, size=393)
2025-11-13 08:05:32,624 - Knowledge - INFO - Fast-tracked /app/data/T0015/224022/b0280is/universalinit-224022/src/universalinit/templates/solananextjs/src/app/globals.css (ext=.css, size=1400)
2025-11-13 08:05:32,726 - Knowledge - INFO - Fast-tracked /app/data/T0015/224022/b0280is/universalinit-224022/src/universalinit/templates/nextjs/config.yml (ext=.yml, size=1032)
2025-11-13 08:05:32,799 - Knowledge - INFO - Fast-tracked /app/data/T0015/224022/b0280is/universalinit-224022/src/universalinit/templates/angular/src/server.ts (ext=.ts, size=1785)
2025-11-13 08:05:32,927 - Knowledge - INFO - Worker kw13 processing /app/data/T0015/224022/b0280is/universalinit-224022/src/universalinit/templates/angular/config.yml
2025-11-13 08:05:33,008 - Knowledge - INFO - Worker kw15 processing /app/data/T0015/224022/b0280is/universalinit-224022/src/universalinit/templates/flutter/pubspec.yaml
2025-11-13 08:05:33,078 - Knowledge - INFO - Fast-tracked /app/data/T0015/224022/b0280is/universalinit-224022/src/universalinit/templates/flask/app/__init__.py (ext=.py, size=551)
2025-11-13 08:05:33,161 - Knowledge - INFO - Worker kw17 processing /app/data/T0015/224022/b0280is/universalinit-224022/src/universalinit/templates/lightningjs/config.yml
2025-11-13 08:05:33,278 - Knowledge - INFO - Worker kw19 processing /app/data/T0015/224022/b0280is/universalinit-224022/src/universalinit/templates/lightningjs/docs/router_transitions.md
2025-11-13 08:05:33,381 - Knowledge - INFO - Batch sizing: calculated=12, max_allowed=25, queue=146, active_workers=19/20
2025-11-13 08:05:33,473 - Knowledge - INFO - Fast-tracked /app/data/T0015/224022/b0280is/universalinit-224022/src/universalinit/templates/lightningjs/docs/plugins_language.md (ext=.md, size=8030)
2025-11-13 08:05:33,541 - Knowledge - INFO - Fast-tracked /app/data/T0015/224022/b0280is/universalinit-224022/src/universalinit/templates/express/eslint.config.js (ext=.js, size=352)
2025-11-13 08:05:33,647 - Knowledge - INFO - Fast-tracked /app/data/T0015/224022/b0280is/universalinit-224022/test/test_lightningjs_template.py (ext=.py, size=7622)
2025-11-13 08:05:33,728 - Knowledge - INFO - Worker kw2 processing /app/data/T0015/224022/b0280is/universalinit-224022/test/test_qwik_template.py
2025-11-13 08:05:33,813 - Knowledge - INFO - Worker kw3 processing /app/data/T0015/224022/b0280is/universalinit-224022/src/universalinit/templates/vue/env.d.ts
2025-11-13 08:05:33,903 - Knowledge - INFO - Worker kw4 processing /app/data/T0015/224022/b0280is/universalinit-224022/src/universalinit/templates/vue/tsconfig.vitest.json
2025-11-13 08:05:34,001 - Knowledge - INFO - Fast-tracked /app/data/T0015/224022/b0280is/universalinit-224022/src/universalinit/templates/vite/package.json (ext=.json, size=491)
2025-11-13 08:05:34,076 - Knowledge - INFO - Worker kw6 processing /app/data/T0015/224022/b0280is/universalinit-224022/src/universalinit/templates/nativescript/app/home/home-view-model.js
2025-11-13 08:05:34,161 - Knowledge - INFO - Fast-tracked /app/data/T0015/224022/b0280is/universalinit-224022/src/universalinit/templates/nativescript/App_Resources/Android/before-plugins.gradle (ext=.gradle, size=458)
2025-11-13 08:05:34,265 - Knowledge - INFO - Worker kw8 processing /app/data/T0015/224022/b0280is/universalinit-224022/src/universalinit/templates/qwik/src/entry.preview.tsx
2025-11-13 08:05:34,356 - Knowledge - INFO - Worker kw11 processing /app/data/T0015/224022/b0280is/universalinit-224022/src/universalinit/templates/solananextjs/tailwind.config.js
2025-11-13 08:05:34,451 - Knowledge - INFO - Worker kw10 processing /app/data/T0015/224022/b0280is/universalinit-224022/src/universalinit/templates/solananextjs/src/app/providers.tsx
2025-11-13 08:05:34,554 - Knowledge - INFO - Worker kw9 processing /app/data/T0015/224022/b0280is/universalinit-224022/src/universalinit/templates/nextjs/tsconfig.json
2025-11-13 08:05:34,627 - Knowledge - INFO - Worker kw12 processing /app/data/T0015/224022/b0280is/universalinit-224022/src/universalinit/templates/angular/src/main.ts
2025-11-13 08:05:34,701 - Knowledge - INFO - Fast-tracked /app/data/T0015/224022/b0280is/universalinit-224022/src/universalinit/templates/angular/config.yml (ext=.yml, size=1129)
2025-11-13 08:05:34,788 - Knowledge - INFO - Fast-tracked /app/data/T0015/224022/b0280is/universalinit-224022/src/universalinit/templates/flutter/pubspec.yaml (ext=.yaml, size=3776)
2025-11-13 08:05:34,862 - Knowledge - INFO - Worker kw16 processing /app/data/T0015/224022/b0280is/universalinit-224022/src/universalinit/templates/flask/generate_openapi.py
2025-11-13 08:05:34,955 - Knowledge - INFO - Fast-tracked /app/data/T0015/224022/b0280is/universalinit-224022/src/universalinit/templates/lightningjs/config.yml (ext=.yml, size=1028)
2025-11-13 08:05:35,054 - Knowledge - INFO - Fast-tracked /app/data/T0015/224022/b0280is/universalinit-224022/src/universalinit/templates/lightningjs/docs/router_transitions.md (ext=.md, size=5342)
2025-11-13 08:05:35,171 - Knowledge - INFO - Worker kw20 processing /app/data/T0015/224022/b0280is/universalinit-224022/src/universalinit/templates/astro/tsconfig.json
2025-11-13 08:05:35,256 - Knowledge - INFO - Worker kw18 processing /app/data/T0015/224022/b0280is/universalinit-224022/src/universalinit/templates/lightningjs/docs/transitions_animations_transitions.md
2025-11-13 08:05:35,346 - Knowledge - INFO - Worker kw14 processing /app/data/T0015/224022/b0280is/universalinit-224022/src/universalinit/templates/express/generate_openapi.js
2025-11-13 08:05:35,465 - Knowledge - INFO - Worker kw1 processing /app/data/T0015/224022/b0280is/universalinit-224022/test/test_kotlin_template.py
2025-11-13 08:05:35,540 - Knowledge - INFO - Fast-tracked /app/data/T0015/224022/b0280is/universalinit-224022/test/test_qwik_template.py (ext=.py, size=7831)
2025-11-13 08:05:35,636 - Knowledge - INFO - Fast-tracked /app/data/T0015/224022/b0280is/universalinit-224022/src/universalinit/templates/vue/env.d.ts (ext=.ts, size=38)
2025-11-13 08:05:35,738 - Knowledge - INFO - Fast-tracked /app/data/T0015/224022/b0280is/universalinit-224022/src/universalinit/templates/vue/tsconfig.vitest.json (ext=.json, size=254)
2025-11-13 08:05:35,817 - Knowledge - INFO - Worker kw5 processing /app/data/T0015/224022/b0280is/universalinit-224022/src/universalinit/templates/vite/config.yml
2025-11-13 08:05:35,922 - Knowledge - INFO - Fast-tracked /app/data/T0015/224022/b0280is/universalinit-224022/src/universalinit/templates/nativescript/app/home/home-view-model.js (ext=.js, size=189)
2025-11-13 08:05:35,994 - Knowledge - INFO - Worker kw7 processing /app/data/T0015/224022/b0280is/universalinit-224022/src/universalinit/templates/nativescript/App_Resources/iOS/Assets.xcassets/Contents.json
2025-11-13 08:05:36,078 - Knowledge - INFO - Fast-tracked /app/data/T0015/224022/b0280is/universalinit-224022/src/universalinit/templates/qwik/src/entry.preview.tsx (ext=.tsx, size=652)
2025-11-13 08:05:36,156 - Knowledge - INFO - Fast-tracked /app/data/T0015/224022/b0280is/universalinit-224022/src/universalinit/templates/solananextjs/tailwind.config.js (ext=.js, size=449)
2025-11-13 08:05:36,231 - Knowledge - INFO - Fast-tracked /app/data/T0015/224022/b0280is/universalinit-224022/src/universalinit/templates/solananextjs/src/app/providers.tsx (ext=.tsx, size=1738)
2025-11-13 08:05:36,318 - Knowledge - INFO - Fast-tracked /app/data/T0015/224022/b0280is/universalinit-224022/src/universalinit/templates/nextjs/tsconfig.json (ext=.json, size=602)
2025-11-13 08:05:36,413 - Knowledge - INFO - Fast-tracked /app/data/T0015/224022/b0280is/universalinit-224022/src/universalinit/templates/angular/src/main.ts (ext=.ts, size=250)
2025-11-13 08:05:36,513 - Knowledge - INFO - Worker kw13 processing /app/data/T0015/224022/b0280is/universalinit-224022/src/universalinit/templates/angular/tsconfig.spec.json
2025-11-13 08:05:36,596 - Knowledge - INFO - Worker kw15 processing /app/data/T0015/224022/b0280is/universalinit-224022/src/universalinit/templates/flutter/lib/main.dart
2025-11-13 08:05:36,683 - Knowledge - INFO - Fast-tracked /app/data/T0015/224022/b0280is/universalinit-224022/src/universalinit/templates/flask/generate_openapi.py (ext=.py, size=417)
2025-11-13 08:05:36,798 - Knowledge - INFO - Worker kw17 processing /app/data/T0015/224022/b0280is/universalinit-224022/src/universalinit/templates/lightningjs/eslint.config.cjs
2025-11-13 08:05:36,869 - Knowledge - INFO - Worker kw19 processing /app/data/T0015/224022/b0280is/universalinit-224022/src/universalinit/templates/lightningjs/docs/router_hooks.md
2025-11-13 08:05:36,949 - Knowledge - INFO - Fast-tracked /app/data/T0015/224022/b0280is/universalinit-224022/src/universalinit/templates/astro/tsconfig.json (ext=.json, size=109)
2025-11-13 08:05:37,022 - Knowledge - INFO - Fast-tracked /app/data/T0015/224022/b0280is/universalinit-224022/src/universalinit/templates/lightningjs/docs/transitions_animations_transitions.md (ext=.md, size=6653)
2025-11-13 08:05:37,127 - Knowledge - INFO - Fast-tracked /app/data/T0015/224022/b0280is/universalinit-224022/src/universalinit/templates/express/generate_openapi.js (ext=.js, size=369)
2025-11-13 08:05:37,207 - Knowledge - INFO - Fast-tracked /app/data/T0015/224022/b0280is/universalinit-224022/test/test_kotlin_template.py (ext=.py, size=13627)
2025-11-13 08:05:37,287 - Knowledge - INFO - Worker kw2 processing /app/data/T0015/224022/b0280is/universalinit-224022/test/test_sqlite_template.py
2025-11-13 08:05:37,370 - Knowledge - INFO - Worker kw3 processing /app/data/T0015/224022/b0280is/universalinit-224022/src/universalinit/templates/vue/vitest.config.ts
2025-11-13 08:05:37,450 - Knowledge - INFO - Worker kw4 processing /app/data/T0015/224022/b0280is/universalinit-224022/src/universalinit/templates/vue/config.yml
2025-11-13 08:05:37,528 - Knowledge - INFO - Fast-tracked /app/data/T0015/224022/b0280is/universalinit-224022/src/universalinit/templates/vite/config.yml (ext=.yml, size=1021)
2025-11-13 08:05:37,622 - Knowledge - INFO - Worker kw6 processing /app/data/T0015/224022/b0280is/universalinit-224022/src/universalinit/templates/nativescript/app/home/home-page.js
2025-11-13 08:05:37,704 - Knowledge - INFO - Fast-tracked /app/data/T0015/224022/b0280is/universalinit-224022/src/universalinit/templates/nativescript/App_Resources/iOS/Assets.xcassets/Contents.json (ext=.json, size=62)
2025-11-13 08:05:37,774 - Knowledge - INFO - Worker kw8 processing /app/data/T0015/224022/b0280is/universalinit-224022/src/universalinit/templates/qwik/package.json
2025-11-13 08:05:37,896 - Knowledge - INFO - Worker kw11 processing /app/data/T0015/224022/b0280is/universalinit-224022/src/universalinit/templates/solananextjs/postcss.config.mjs
2025-11-13 08:05:37,975 - Knowledge - INFO - Worker kw10 processing /app/data/T0015/224022/b0280is/universalinit-224022/src/universalinit/templates/solananextjs/src/app/layout.tsx
2025-11-13 08:05:38,068 - Knowledge - INFO - Worker kw9 processing /app/data/T0015/224022/b0280is/universalinit-224022/src/universalinit/templates/nextjs/README.md
2025-11-13 08:05:38,149 - Knowledge - INFO - Worker kw12 processing /app/data/T0015/224022/b0280is/universalinit-224022/src/universalinit/templates/angular/src/app/app.component.spec.ts
2025-11-13 08:05:38,232 - Knowledge - INFO - Fast-tracked /app/data/T0015/224022/b0280is/universalinit-224022/src/universalinit/templates/angular/tsconfig.spec.json (ext=.json, size=434)
2025-11-13 08:05:38,352 - Knowledge - INFO - Fast-tracked /app/data/T0015/224022/b0280is/universalinit-224022/src/universalinit/templates/flutter/lib/main.dart (ext=.dart, size=1326)
2025-11-13 08:05:38,435 - Knowledge - INFO - Worker kw16 processing /app/data/T0015/224022/b0280is/universalinit-224022/src/universalinit/templates/kotlin/config.yml
2025-11-13 08:05:38,519 - Knowledge - INFO - Fast-tracked /app/data/T0015/224022/b0280is/universalinit-224022/src/universalinit/templates/lightningjs/eslint.config.cjs (ext=.cjs, size=1048)
2025-11-13 08:05:38,591 - Knowledge - INFO - Fast-tracked /app/data/T0015/224022/b0280is/universalinit-224022/src/universalinit/templates/lightningjs/docs/router_hooks.md (ext=.md, size=3202)
2025-11-13 08:05:38,664 - Knowledge - INFO - Worker kw20 processing /app/data/T0015/224022/b0280is/universalinit-224022/src/universalinit/templates/astro/astro.config.mjs
2025-11-13 08:05:38,802 - Knowledge - INFO - Worker kw18 processing /app/data/T0015/224022/b0280is/universalinit-224022/src/universalinit/templates/lightningjs/docs/essentials_displaying_images.md
2025-11-13 08:05:38,872 - Knowledge - INFO - Worker kw14 processing /app/data/T0015/224022/b0280is/universalinit-224022/src/universalinit/templates/express/swagger.js
2025-11-13 08:05:38,972 - Knowledge - INFO - Worker kw1 processing /app/data/T0015/224022/b0280is/universalinit-224022/test/test_flask_template.py
2025-11-13 08:05:39,059 - Knowledge - INFO - Fast-tracked /app/data/T0015/224022/b0280is/universalinit-224022/test/test_sqlite_template.py (ext=.py, size=17691)
2025-11-13 08:05:39,153 - Knowledge - INFO - Fast-tracked /app/data/T0015/224022/b0280is/universalinit-224022/src/universalinit/templates/vue/vitest.config.ts (ext=.ts, size=382)
2025-11-13 08:05:39,269 - Knowledge - INFO - Fast-tracked /app/data/T0015/224022/b0280is/universalinit-224022/src/universalinit/templates/vue/config.yml (ext=.yml, size=1060)
2025-11-13 08:05:39,344 - Knowledge - INFO - Worker kw5 processing /app/data/T0015/224022/b0280is/universalinit-224022/src/universalinit/templates/vite/tsconfig.json
2025-11-13 08:05:39,420 - Knowledge - INFO - Fast-tracked /app/data/T0015/224022/b0280is/universalinit-224022/src/universalinit/templates/nativescript/app/home/home-page.js (ext=.js, size=163)
2025-11-13 08:05:39,521 - Knowledge - INFO - Worker kw7 processing /app/data/T0015/224022/b0280is/universalinit-224022/src/universalinit/templates/nativescript/App_Resources/iOS/Assets.xcassets/AppIcon.appiconset/Contents.json
2025-11-13 08:05:39,627 - Knowledge - INFO - Fast-tracked /app/data/T0015/224022/b0280is/universalinit-224022/src/universalinit/templates/qwik/package.json (ext=.json, size=1355)
2025-11-13 08:05:39,709 - Knowledge - INFO - Fast-tracked /app/data/T0015/224022/b0280is/universalinit-224022/src/universalinit/templates/solananextjs/postcss.config.mjs (ext=.mjs, size=81)
2025-11-13 08:05:39,815 - Knowledge - INFO - Fast-tracked /app/data/T0015/224022/b0280is/universalinit-224022/src/universalinit/templates/solananextjs/src/app/layout.tsx (ext=.tsx, size=592)
2025-11-13 08:05:39,898 - Knowledge - INFO - Fast-tracked /app/data/T0015/224022/b0280is/universalinit-224022/src/universalinit/templates/nextjs/README.md (ext=.md, size=1450)
2025-11-13 08:05:40,026 - Knowledge - INFO - Fast-tracked /app/data/T0015/224022/b0280is/universalinit-224022/src/universalinit/templates/angular/src/app/app.component.spec.ts (ext=.ts, size=919)
2025-11-13 08:05:40,101 - Knowledge - INFO - Worker kw13 processing /app/data/T0015/224022/b0280is/universalinit-224022/src/universalinit/templates/angular/tsconfig.json
2025-11-13 08:05:40,225 - Knowledge - INFO - Worker kw15 processing /app/data/T0015/224022/b0280is/universalinit-224022/src/universalinit/templates/dotnet/Program.cs
2025-11-13 08:05:40,307 - Knowledge - INFO - Fast-tracked /app/data/T0015/224022/b0280is/universalinit-224022/src/universalinit/templates/kotlin/config.yml (ext=.yml, size=1123)
2025-11-13 08:05:40,414 - Knowledge - INFO - Worker kw17 processing /app/data/T0015/224022/b0280is/universalinit-224022/src/universalinit/templates/lightningjs/docs/essentials_application_root.md
2025-11-13 08:05:40,494 - Knowledge - INFO - Worker kw19 processing /app/data/T0015/224022/b0280is/universalinit-224022/src/universalinit/templates/lightningjs/docs/plugins_theme.md
2025-11-13 08:05:40,612 - Knowledge - INFO - Fast-tracked /app/data/T0015/224022/b0280is/universalinit-224022/src/universalinit/templates/astro/astro.config.mjs (ext=.mjs, size=301)
2025-11-13 08:05:40,714 - Knowledge - INFO - Fast-tracked /app/data/T0015/224022/b0280is/universalinit-224022/src/universalinit/templates/lightningjs/docs/essentials_displaying_images.md (ext=.md, size=3948)
2025-11-13 08:05:40,795 - Knowledge - INFO - Fast-tracked /app/data/T0015/224022/b0280is/universalinit-224022/src/universalinit/templates/express/swagger.js (ext=.js, size=381)
2025-11-13 08:05:40,889 - Knowledge - INFO - Fast-tracked /app/data/T0015/224022/b0280is/universalinit-224022/test/test_flask_template.py (ext=.py, size=7575)
2025-11-13 08:05:40,963 - Knowledge - INFO - Worker kw2 processing /app/data/T0015/224022/b0280is/universalinit-224022/test/test_express_template.py
2025-11-13 08:05:41,039 - Knowledge - INFO - Worker kw3 processing /app/data/T0015/224022/b0280is/universalinit-224022/src/universalinit/templates/vue/src/stores/counter.ts
2025-11-13 08:05:41,121 - Knowledge - INFO - Worker kw4 processing /app/data/T0015/224022/b0280is/universalinit-224022/src/universalinit/templates/vue/vite.config.ts
2025-11-13 08:05:41,230 - Knowledge - INFO - Fast-tracked /app/data/T0015/224022/b0280is/universalinit-224022/src/universalinit/templates/vite/tsconfig.json (ext=.json, size=514)
2025-11-13 08:05:41,312 - Knowledge - INFO - Worker kw6 processing /app/data/T0015/224022/b0280is/universalinit-224022/src/universalinit/templates/nativescript/nativescript.config.ts
2025-11-13 08:05:41,412 - Knowledge - INFO - Fast-tracked /app/data/T0015/224022/b0280is/universalinit-224022/src/universalinit/templates/nativescript/App_Resources/iOS/Assets.xcassets/AppIcon.appiconset/Contents.json (ext=.json, size=2363)
2025-11-13 08:05:41,506 - Knowledge - INFO - Worker kw8 processing /app/data/T0015/224022/b0280is/universalinit-224022/src/universalinit/templates/qwik/qwik.env.d.ts
2025-11-13 08:05:41,583 - Knowledge - INFO - Worker kw11 processing /app/data/T0015/224022/b0280is/universalinit-224022/src/universalinit/templates/tizen/src/App.css
2025-11-13 08:05:41,655 - Knowledge - INFO - Worker kw10 processing /app/data/T0015/224022/b0280is/universalinit-224022/src/universalinit/templates/solananextjs/src/app/not-found.tsx
2025-11-13 08:05:41,728 - Knowledge - INFO - Worker kw9 processing /app/data/T0015/224022/b0280is/universalinit-224022/src/universalinit/templates/nextjs/eslint.config.mjs
2025-11-13 08:05:41,835 - Knowledge - INFO - Worker kw12 processing /app/data/T0015/224022/b0280is/universalinit-224022/src/universalinit/templates/angular/src/app/app.config.ts
2025-11-13 08:05:41,934 - Knowledge - INFO - Fast-tracked /app/data/T0015/224022/b0280is/universalinit-224022/src/universalinit/templates/angular/tsconfig.json (ext=.json, size=915)
2025-11-13 08:05:42,058 - Knowledge - INFO - Fast-tracked /app/data/T0015/224022/b0280is/universalinit-224022/src/universalinit/templates/dotnet/Program.cs (ext=.cs, size=703)
2025-11-13 08:05:42,149 - Knowledge - INFO - Worker kw16 processing /app/data/T0015/224022/b0280is/universalinit-224022/src/universalinit/templates/kotlin/init_script.sh
2025-11-13 08:05:42,242 - Knowledge - INFO - Fast-tracked /app/data/T0015/224022/b0280is/universalinit-224022/src/universalinit/templates/lightningjs/docs/essentials_application_root.md (ext=.md, size=867)
2025-11-13 08:05:42,313 - Knowledge - INFO - Fast-tracked /app/data/T0015/224022/b0280is/universalinit-224022/src/universalinit/templates/lightningjs/docs/plugins_theme.md (ext=.md, size=6413)
2025-11-13 08:05:42,390 - Knowledge - INFO - Worker kw20 processing /app/data/T0015/224022/b0280is/universalinit-224022/src/universalinit/templates/astro/README.md
2025-11-13 08:05:42,470 - Knowledge - INFO - Worker kw18 processing /app/data/T0015/224022/b0280is/universalinit-224022/src/universalinit/templates/lightningjs/docs/components_user_input.md
2025-11-13 08:05:42,591 - Knowledge - INFO - Worker kw14 processing /app/data/T0015/224022/b0280is/universalinit-224022/src/universalinit/templates/mongodb/startup.sh
2025-11-13 08:05:42,686 - Knowledge - INFO - Worker kw1 processing /app/data/T0015/224022/b0280is/universalinit-224022/test/test_integration.py
2025-11-13 08:05:42,789 - Knowledge - INFO - Fast-tracked /app/data/T0015/224022/b0280is/universalinit-224022/test/test_express_template.py (ext=.py, size=7129)
2025-11-13 08:05:42,862 - Knowledge - INFO - Fast-tracked /app/data/T0015/224022/b0280is/universalinit-224022/src/universalinit/templates/vue/src/stores/counter.ts (ext=.ts, size=306)
2025-11-13 08:05:42,941 - Knowledge - INFO - Fast-tracked /app/data/T0015/224022/b0280is/universalinit-224022/src/universalinit/templates/vue/vite.config.ts (ext=.ts, size=668)
2025-11-13 08:05:43,024 - Knowledge - INFO - Worker kw5 processing /app/data/T0015/224022/b0280is/universalinit-224022/src/universalinit/templates/vite/eslint.config.mjs
2025-11-13 08:05:43,156 - Knowledge - INFO - Fast-tracked /app/data/T0015/224022/b0280is/universalinit-224022/src/universalinit/templates/nativescript/nativescript.config.ts (ext=.ts, size=262)
2025-11-13 08:05:43,244 - Knowledge - INFO - Worker kw7 processing /app/data/T0015/224022/b0280is/universalinit-224022/src/universalinit/templates/nativescript/App_Resources/iOS/Assets.xcassets/LaunchScreen.AspectFill.imageset/Contents.json
2025-11-13 08:05:43,325 - Knowledge - INFO - Fast-tracked /app/data/T0015/224022/b0280is/universalinit-224022/src/universalinit/templates/qwik/qwik.env.d.ts (ext=.ts, size=221)
2025-11-13 08:05:43,416 - Knowledge - INFO - Fast-tracked /app/data/T0015/224022/b0280is/universalinit-224022/src/universalinit/templates/tizen/src/App.css (ext=.css, size=639)
2025-11-13 08:05:43,508 - Knowledge - INFO - Fast-tracked /app/data/T0015/224022/b0280is/universalinit-224022/src/universalinit/templates/solananextjs/src/app/not-found.tsx (ext=.tsx, size=416)
2025-11-13 08:05:43,598 - Knowledge - INFO - Fast-tracked /app/data/T0015/224022/b0280is/universalinit-224022/src/universalinit/templates/nextjs/eslint.config.mjs (ext=.mjs, size=393)
2025-11-13 08:05:43,672 - Knowledge - INFO - Fast-tracked /app/data/T0015/224022/b0280is/universalinit-224022/src/universalinit/templates/angular/src/app/app.config.ts (ext=.ts, size=438)
2025-11-13 08:05:43,758 - Knowledge - INFO - Worker kw13 processing /app/data/T0015/224022/b0280is/universalinit-224022/src/universalinit/templates/angular/README.md
2025-11-13 08:05:43,833 - Knowledge - INFO - Worker kw15 processing /app/data/T0015/224022/b0280is/universalinit-224022/src/universalinit/templates/dotnet/appsettings.json
2025-11-13 08:05:43,964 - Knowledge - INFO - Fast-tracked /app/data/T0015/224022/b0280is/universalinit-224022/src/universalinit/templates/kotlin/init_script.sh (ext=.sh, size=172)
2025-11-13 08:05:44,041 - Knowledge - INFO - Worker kw17 processing /app/data/T0015/224022/b0280is/universalinit-224022/src/universalinit/templates/lightningjs/docs/built-in_layout.md
2025-11-13 08:05:44,152 - Knowledge - INFO - Worker kw19 processing /app/data/T0015/224022/b0280is/universalinit-224022/src/universalinit/templates/lightningjs/docs/components_utility_methods.md
2025-11-13 08:05:44,235 - Knowledge - INFO - Fast-tracked /app/data/T0015/224022/b0280is/universalinit-224022/src/universalinit/templates/astro/README.md (ext=.md, size=2108)
2025-11-13 08:05:44,311 - Knowledge - INFO - Fast-tracked /app/data/T0015/224022/b0280is/universalinit-224022/src/universalinit/templates/lightningjs/docs/components_user_input.md (ext=.md, size=8937)
2025-11-13 08:05:44,401 - Knowledge - INFO - Worker kw14 processing /app/data/T0015/224022/b0280is/universalinit-224022/src/universalinit/templates/mongodb/config.yml
2025-11-13 08:05:44,486 - Knowledge - INFO - Fast-tracked /app/data/T0015/224022/b0280is/universalinit-224022/test/test_integration.py (ext=.py, size=12073)
2025-11-13 08:05:44,560 - Knowledge - INFO - Worker kw2 processing /app/data/T0015/224022/b0280is/universalinit-224022/test/test_angular_template.py
2025-11-13 08:05:44,720 - Knowledge - INFO - Worker kw4 processing /app/data/T0015/224022/b0280is/universalinit-224022/src/universalinit/templates/vue/tsconfig.node.json
2025-11-13 08:05:44,791 - Knowledge - INFO - Fast-tracked /app/data/T0015/224022/b0280is/universalinit-224022/src/universalinit/templates/vite/eslint.config.mjs (ext=.mjs, size=772)
2025-11-13 08:05:44,871 - Knowledge - INFO - Worker kw6 processing /app/data/T0015/224022/b0280is/universalinit-224022/src/universalinit/templates/nativescript/App_Resources/Android/src/main/res/values/colors.xml
2025-11-13 08:05:44,961 - Knowledge - INFO - Fast-tracked /app/data/T0015/224022/b0280is/universalinit-224022/src/universalinit/templates/nativescript/App_Resources/iOS/Assets.xcassets/LaunchScreen.AspectFill.imageset/Contents.json (ext=.json, size=426)
2025-11-13 08:05:45,056 - Knowledge - INFO - Worker kw8 processing /app/data/T0015/224022/b0280is/universalinit-224022/src/universalinit/templates/qwik/config.yml
2025-11-13 08:05:45,144 - Knowledge - INFO - Worker kw11 processing /app/data/T0015/224022/b0280is/universalinit-224022/src/universalinit/templates/tizen/src/main.jsx
2025-11-13 08:05:45,242 - Knowledge - INFO - Worker kw10 processing /app/data/T0015/224022/b0280is/universalinit-224022/src/universalinit/templates/solananextjs/src/types/global.d.ts
2025-11-13 08:05:45,317 - Knowledge - INFO - Worker kw9 processing /app/data/T0015/224022/b0280is/universalinit-224022/src/universalinit/templates/nextjs/postcss.config.mjs
2025-11-13 08:05:45,433 - Knowledge - INFO - Worker kw12 processing /app/data/T0015/224022/b0280is/universalinit-224022/src/universalinit/templates/angular/src/app/app.routes.ts
2025-11-13 08:05:45,506 - Knowledge - INFO - Fast-tracked /app/data/T0015/224022/b0280is/universalinit-224022/src/universalinit/templates/angular/README.md (ext=.md, size=1470)
2025-11-13 08:05:45,603 - Knowledge - INFO - Fast-tracked /app/data/T0015/224022/b0280is/universalinit-224022/src/universalinit/templates/dotnet/appsettings.json (ext=.json, size=151)
2025-11-13 08:05:45,679 - Knowledge - INFO - Worker kw16 processing /app/data/T0015/224022/b0280is/universalinit-224022/src/universalinit/templates/android/config.yml
2025-11-13 08:05:45,793 - Knowledge - INFO - Fast-tracked /app/data/T0015/224022/b0280is/universalinit-224022/src/universalinit/templates/lightningjs/docs/built-in_layout.md (ext=.md, size=12856)
2025-11-13 08:05:45,879 - Knowledge - INFO - Fast-tracked /app/data/T0015/224022/b0280is/universalinit-224022/src/universalinit/templates/lightningjs/docs/components_utility_methods.md (ext=.md, size=15613)
2025-11-13 08:05:45,983 - Knowledge - INFO - Worker kw20 processing /app/data/T0015/224022/b0280is/universalinit-224022/src/universalinit/templates/astro/eslint.config.mjs
2025-11-13 08:05:46,060 - Knowledge - INFO - Worker kw18 processing /app/data/T0015/224022/b0280is/universalinit-224022/src/universalinit/templates/lightningjs/docs/getting_started_intro.md
2025-11-13 08:05:46,149 - Knowledge - INFO - Fast-tracked /app/data/T0015/224022/b0280is/universalinit-224022/src/universalinit/templates/mongodb/config.yml (ext=.yml, size=1369)
2025-11-13 08:05:46,227 - Knowledge - INFO - Worker kw1 processing /app/data/T0015/224022/b0280is/universalinit-224022/test/test_astro_template.py
2025-11-13 08:05:46,342 - Knowledge - INFO - Fast-tracked /app/data/T0015/224022/b0280is/universalinit-224022/test/test_angular_template.py (ext=.py, size=7066)
2025-11-13 08:05:46,464 - Knowledge - INFO - Fast-tracked /app/data/T0015/224022/b0280is/universalinit-224022/src/universalinit/templates/vue/tsconfig.node.json (ext=.json, size=414)
2025-11-13 08:05:46,544 - Knowledge - INFO - Worker kw5 processing /app/data/T0015/224022/b0280is/universalinit-224022/src/universalinit/templates/vite/index.html
2025-11-13 08:05:46,625 - Knowledge - INFO - Fast-tracked /app/data/T0015/224022/b0280is/universalinit-224022/src/universalinit/templates/nativescript/App_Resources/Android/src/main/res/values/colors.xml (ext=.xml, size=604)
2025-11-13 08:05:46,715 - Knowledge - INFO - Worker kw7 processing /app/data/T0015/224022/b0280is/universalinit-224022/src/universalinit/templates/nativescript/App_Resources/iOS/Assets.xcassets/LaunchScreen.Center.imageset/Contents.json
2025-11-13 08:05:46,809 - Knowledge - INFO - Fast-tracked /app/data/T0015/224022/b0280is/universalinit-224022/src/universalinit/templates/qwik/config.yml (ext=.yml, size=1022)
2025-11-13 08:05:46,889 - Knowledge - INFO - Fast-tracked /app/data/T0015/224022/b0280is/universalinit-224022/src/universalinit/templates/tizen/src/main.jsx (ext=.jsx, size=229)
2025-11-13 08:05:47,003 - Knowledge - INFO - Fast-tracked /app/data/T0015/224022/b0280is/universalinit-224022/src/universalinit/templates/solananextjs/src/types/global.d.ts (ext=.ts, size=625)
2025-11-13 08:05:47,120 - Knowledge - INFO - Fast-tracked /app/data/T0015/224022/b0280is/universalinit-224022/src/universalinit/templates/nextjs/postcss.config.mjs (ext=.mjs, size=81)
2025-11-13 08:05:47,196 - Knowledge - INFO - Fast-tracked /app/data/T0015/224022/b0280is/universalinit-224022/src/universalinit/templates/angular/src/app/app.routes.ts (ext=.ts, size=77)
2025-11-13 08:05:47,269 - Knowledge - INFO - Worker kw13 processing /app/data/T0015/224022/b0280is/universalinit-224022/src/universalinit/templates/angular/eslint.config.mjs
2025-11-13 08:05:47,345 - Knowledge - INFO - Worker kw15 processing /app/data/T0015/224022/b0280is/universalinit-224022/src/universalinit/templates/dotnet/config.yml
2025-11-13 08:05:47,442 - Knowledge - INFO - Fast-tracked /app/data/T0015/224022/b0280is/universalinit-224022/src/universalinit/templates/android/config.yml (ext=.yml, size=1123)
2025-11-13 08:05:47,522 - Knowledge - INFO - Worker kw17 processing /app/data/T0015/224022/b0280is/universalinit-224022/src/universalinit/templates/lightningjs/docs/plugins_text-to-speech-announcer.md
2025-11-13 08:05:47,607 - Knowledge - INFO - Worker kw19 processing /app/data/T0015/224022/b0280is/universalinit-224022/src/universalinit/templates/lightningjs/docs/essentials_template_syntax.md
2025-11-13 08:05:47,681 - Knowledge - INFO - Fast-tracked /app/data/T0015/224022/b0280is/universalinit-224022/src/universalinit/templates/astro/eslint.config.mjs (ext=.mjs, size=999)
2025-11-13 08:05:47,766 - Knowledge - INFO - Fast-tracked /app/data/T0015/224022/b0280is/universalinit-224022/src/universalinit/templates/lightningjs/docs/getting_started_intro.md (ext=.md, size=1461)
2025-11-13 08:05:47,852 - Knowledge - INFO - Worker kw14 processing /app/data/T0015/224022/b0280is/universalinit-224022/src/universalinit/templates/mysql/startup.sh
2025-11-13 08:05:47,921 - Knowledge - INFO - Fast-tracked /app/data/T0015/224022/b0280is/universalinit-224022/test/test_astro_template.py (ext=.py, size=9678)
2025-11-13 08:05:47,993 - Knowledge - INFO - Worker kw2 processing /app/data/T0015/224022/b0280is/universalinit-224022/test/test_reactnative_template.py
2025-11-13 08:05:48,115 - Knowledge - INFO - Worker kw4 processing /app/data/T0015/224022/b0280is/universalinit-224022/src/universalinit/templates/vue/tsconfig.json
2025-11-13 08:05:48,187 - Knowledge - INFO - Fast-tracked /app/data/T0015/224022/b0280is/universalinit-224022/src/universalinit/templates/vite/index.html (ext=.html, size=355)
2025-11-13 08:05:48,274 - Knowledge - INFO - Worker kw6 processing /app/data/T0015/224022/b0280is/universalinit-224022/src/universalinit/templates/nativescript/App_Resources/Android/src/main/res/values/styles.xml
2025-11-13 08:05:48,357 - Knowledge - INFO - Fast-tracked /app/data/T0015/224022/b0280is/universalinit-224022/src/universalinit/templates/nativescript/App_Resources/iOS/Assets.xcassets/LaunchScreen.Center.imageset/Contents.json (ext=.json, size=414)
2025-11-13 08:05:48,463 - Knowledge - INFO - Worker kw8 processing /app/data/T0015/224022/b0280is/universalinit-224022/src/universalinit/templates/qwik/vite.config.ts
2025-11-13 08:05:48,541 - Knowledge - INFO - Worker kw11 processing /app/data/T0015/224022/b0280is/universalinit-224022/src/universalinit/templates/tizen/src/hooks/useTizenKeys.js
2025-11-13 08:05:48,632 - Knowledge - INFO - Worker kw10 processing /app/data/T0015/224022/b0280is/universalinit-224022/src/universalinit/templates/solananextjs/src/lib/storage.ts
2025-11-13 08:05:48,713 - Knowledge - INFO - Worker kw9 processing /app/data/T0015/224022/b0280is/universalinit-224022/src/universalinit/templates/sqlite/init_db.py
2025-11-13 08:05:48,786 - Knowledge - INFO - Worker kw12 processing /app/data/T0015/224022/b0280is/universalinit-224022/src/universalinit/templates/angular/src/app/app.component.css
2025-11-13 08:05:48,872 - Knowledge - INFO - Fast-tracked /app/data/T0015/224022/b0280is/universalinit-224022/src/universalinit/templates/angular/eslint.config.mjs (ext=.mjs, size=1391)
2025-11-13 08:05:48,953 - Knowledge - INFO - Fast-tracked /app/data/T0015/224022/b0280is/universalinit-224022/src/universalinit/templates/dotnet/config.yml (ext=.yml, size=1353)
2025-11-13 08:05:49,034 - Knowledge - INFO - Worker kw16 processing /app/data/T0015/224022/b0280is/universalinit-224022/src/universalinit/templates/android/init_script.sh
2025-11-13 08:05:49,133 - Knowledge - INFO - Fast-tracked /app/data/T0015/224022/b0280is/universalinit-224022/src/universalinit/templates/lightningjs/docs/plugins_text-to-speech-announcer.md (ext=.md, size=7166)
2025-11-13 08:05:49,258 - Knowledge - INFO - Fast-tracked /app/data/T0015/224022/b0280is/universalinit-224022/src/universalinit/templates/lightningjs/docs/essentials_template_syntax.md (ext=.md, size=5608)
2025-11-13 08:05:49,337 - Knowledge - INFO - Worker kw20 processing /app/data/T0015/224022/b0280is/universalinit-224022/src/universalinit/templates/remix/package.json
2025-11-13 08:05:49,421 - Knowledge - INFO - Worker kw18 processing /app/data/T0015/224022/b0280is/universalinit-224022/src/universalinit/templates/lightningjs/docs/getting_started_file_structure.md
2025-11-13 08:05:49,517 - Knowledge - INFO - Worker kw14 processing /app/data/T0015/224022/b0280is/universalinit-224022/src/universalinit/templates/mysql/config.yml
2025-11-13 08:05:49,594 - Knowledge - INFO - Worker kw1 processing /app/data/T0015/224022/b0280is/universalinit-224022/test/test_solana_nextjs_template.py
2025-11-13 08:05:49,668 - Knowledge - INFO - Fast-tracked /app/data/T0015/224022/b0280is/universalinit-224022/test/test_reactnative_template.py (ext=.py, size=7610)
2025-11-13 08:05:49,750 - Knowledge - INFO - Fast-tracked /app/data/T0015/224022/b0280is/universalinit-224022/src/universalinit/templates/vue/tsconfig.json (ext=.json, size=191)
2025-11-13 08:05:49,828 - Knowledge - INFO - Worker kw5 processing /app/data/T0015/224022/b0280is/universalinit-224022/src/universalinit/templates/vite/vite.config.js
2025-11-13 08:05:49,910 - Knowledge - INFO - Fast-tracked /app/data/T0015/224022/b0280is/universalinit-224022/src/universalinit/templates/nativescript/App_Resources/Android/src/main/res/values/styles.xml (ext=.xml, size=1710)
2025-11-13 08:05:49,989 - Knowledge - INFO - Worker kw7 processing /app/data/T0015/224022/b0280is/universalinit-224022/src/universalinit/templates/nativescript/jsconfig.json
2025-11-13 08:05:50,065 - Knowledge - INFO - Worker kw8 processing /app/data/T0015/224022/b0280is/universalinit-224022/src/universalinit/templates/qwik/tsconfig.json
2025-11-13 08:05:50,144 - Knowledge - INFO - Fast-tracked /app/data/T0015/224022/b0280is/universalinit-224022/src/universalinit/templates/tizen/src/hooks/useTizenKeys.js (ext=.js, size=978)
2025-11-13 08:05:50,232 - Knowledge - INFO - Fast-tracked /app/data/T0015/224022/b0280is/universalinit-224022/src/universalinit/templates/solananextjs/src/lib/storage.ts (ext=.ts, size=1534)
2025-11-13 08:05:50,320 - Knowledge - INFO - Worker kw9 processing /app/data/T0015/224022/b0280is/universalinit-224022/src/universalinit/templates/sqlite/db_shell.py
2025-11-13 08:05:50,422 - Knowledge - INFO - Fast-tracked /app/data/T0015/224022/b0280is/universalinit-224022/src/universalinit/templates/angular/src/app/app.component.css (ext=.css, size=341)
2025-11-13 08:05:50,494 - Knowledge - INFO - Worker kw13 processing /app/data/T0015/224022/b0280is/universalinit-224022/src/universalinit/templates/express/src/services/health.js
2025-11-13 08:05:50,574 - Knowledge - INFO - Worker kw15 processing /app/data/T0015/224022/b0280is/universalinit-224022/src/universalinit/templates/dotnet/Properties/launchSettings.json
2025-11-13 08:05:50,664 - Knowledge - INFO - Fast-tracked /app/data/T0015/224022/b0280is/universalinit-224022/src/universalinit/templates/android/init_script.sh (ext=.sh, size=217)
2025-11-13 08:05:50,739 - Knowledge - INFO - Worker kw17 processing /app/data/T0015/224022/b0280is/universalinit-224022/src/universalinit/templates/lightningjs/docs/built-in_for-loop.md
2025-11-13 08:05:50,873 - Knowledge - INFO - Worker kw19 processing /app/data/T0015/224022/b0280is/universalinit-224022/src/universalinit/templates/lightningjs/docs/components_component_state.md
2025-11-13 08:05:50,985 - Knowledge - INFO - Fast-tracked /app/data/T0015/224022/b0280is/universalinit-224022/src/universalinit/templates/remix/package.json (ext=.json, size=1220)
2025-11-13 08:05:51,083 - Knowledge - INFO - Fast-tracked /app/data/T0015/224022/b0280is/universalinit-224022/src/universalinit/templates/lightningjs/docs/getting_started_file_structure.md (ext=.md, size=4203)
2025-11-13 08:05:51,214 - Knowledge - INFO - Fast-tracked /app/data/T0015/224022/b0280is/universalinit-224022/src/universalinit/templates/mysql/config.yml (ext=.yml, size=1339)
2025-11-13 08:05:51,277 - Knowledge - INFO - Fast-tracked /app/data/T0015/224022/b0280is/universalinit-224022/test/test_solana_nextjs_template.py (ext=.py, size=8925)
2025-11-13 08:05:51,349 - Knowledge - INFO - Worker kw2 processing /app/data/T0015/224022/b0280is/universalinit-224022/test/test_flutter_template.py
2025-11-13 08:05:51,431 - Knowledge - INFO - Worker kw4 processing /app/data/T0015/224022/b0280is/universalinit-224022/src/universalinit/templates/vue/README.md
2025-11-13 08:05:51,526 - Knowledge - INFO - Fast-tracked /app/data/T0015/224022/b0280is/universalinit-224022/src/universalinit/templates/vite/vite.config.js (ext=.js, size=351)
2025-11-13 08:05:51,640 - Knowledge - INFO - Worker kw6 processing /app/data/T0015/224022/b0280is/universalinit-224022/src/universalinit/templates/nativescript/App_Resources/Android/src/main/res/values/ic_launcher_background.xml
2025-11-13 08:05:51,720 - Knowledge - INFO - Fast-tracked /app/data/T0015/224022/b0280is/universalinit-224022/src/universalinit/templates/nativescript/jsconfig.json (ext=.json, size=147)
2025-11-13 08:05:51,854 - Knowledge - INFO - Fast-tracked /app/data/T0015/224022/b0280is/universalinit-224022/src/universalinit/templates/qwik/tsconfig.json (ext=.json, size=637)
2025-11-13 08:05:52,015 - Knowledge - INFO - Worker kw11 processing /app/data/T0015/224022/b0280is/universalinit-224022/src/universalinit/templates/tizen/src/App.jsx
2025-11-13 08:05:52,162 - Knowledge - INFO - Worker kw10 processing /app/data/T0015/224022/b0280is/universalinit-224022/src/universalinit/templates/solananextjs/src/lib/types.ts
2025-11-13 08:05:52,181 - Knowledge - INFO - [LLM_CALL] Completed: index.html:chunk1, Duration: 4163ms, PromptTokens: 7760, CompletionTokens: 59, Cost: $0.00080
2025-11-13 08:05:52,269 - Knowledge - INFO - Worker kw9 processing /app/data/T0015/224022/b0280is/universalinit-224022/src/universalinit/templates/sqlite/test_db.py
2025-11-13 08:05:52,358 - Knowledge - INFO - Worker kw12 processing /app/data/T0015/224022/b0280is/universalinit-224022/src/universalinit/templates/angular/src/app/app.component.html
2025-11-13 08:05:52,435 - Knowledge - INFO - Fast-tracked /app/data/T0015/224022/b0280is/universalinit-224022/src/universalinit/templates/express/src/services/health.js (ext=.js, size=280)
2025-11-13 08:05:52,504 - Knowledge - INFO - Fast-tracked /app/data/T0015/224022/b0280is/universalinit-224022/src/universalinit/templates/dotnet/Properties/launchSettings.json (ext=.json, size=1032)
2025-11-13 08:05:52,610 - Knowledge - INFO - Worker kw16 processing /app/data/T0015/224022/b0280is/universalinit-224022/src/universalinit/templates/lightningjs/src/pages/Home.js
2025-11-13 08:05:52,678 - Knowledge - INFO - Fast-tracked /app/data/T0015/224022/b0280is/universalinit-224022/src/universalinit/templates/lightningjs/docs/built-in_for-loop.md (ext=.md, size=9910)
2025-11-13 08:05:52,760 - Knowledge - INFO - Fast-tracked /app/data/T0015/224022/b0280is/universalinit-224022/src/universalinit/templates/lightningjs/docs/components_component_state.md (ext=.md, size=3787)
2025-11-13 08:05:52,842 - Knowledge - INFO - Worker kw20 processing /app/data/T0015/224022/b0280is/universalinit-224022/src/universalinit/templates/remix/config.yml
2025-11-13 08:05:52,916 - Knowledge - INFO - Worker kw18 processing /app/data/T0015/224022/b0280is/universalinit-224022/src/universalinit/templates/lightningjs/docs/getting_started_getting_started.md
2025-11-13 08:05:52,995 - Knowledge - INFO - Worker kw14 processing /app/data/T0015/224022/b0280is/universalinit-224022/src/universalinit/templates/reactnative/package.json
2025-11-13 08:05:53,164 - Knowledge - INFO - Fast-tracked /app/data/T0015/224022/b0280is/universalinit-224022/test/test_flutter_template.py (ext=.py, size=17598)
2025-11-13 08:05:53,249 - Knowledge - INFO - Fast-tracked /app/data/T0015/224022/b0280is/universalinit-224022/src/universalinit/templates/vue/README.md (ext=.md, size=1008)
2025-11-13 08:05:53,322 - Knowledge - INFO - Worker kw5 processing /app/data/T0015/224022/b0280is/universalinit-224022/src/universalinit/templates/postgresql/startup.sh
2025-11-13 08:05:53,427 - Knowledge - INFO - Fast-tracked /app/data/T0015/224022/b0280is/universalinit-224022/src/universalinit/templates/nativescript/App_Resources/Android/src/main/res/values/ic_launcher_background.xml (ext=.xml, size=120)
2025-11-13 08:05:53,503 - Knowledge - INFO - Worker kw7 processing /app/data/T0015/224022/b0280is/universalinit-224022/src/universalinit/templates/qwik/src/global.css
2025-11-13 08:05:53,582 - Knowledge - INFO - Worker kw8 processing /app/data/T0015/224022/b0280is/universalinit-224022/src/universalinit/templates/qwik/README.md
2025-11-13 08:05:53,664 - Knowledge - INFO - Fast-tracked /app/data/T0015/224022/b0280is/universalinit-224022/src/universalinit/templates/tizen/src/App.jsx (ext=.jsx, size=581)
2025-11-13 08:05:53,751 - Knowledge - INFO - Fast-tracked /app/data/T0015/224022/b0280is/universalinit-224022/src/universalinit/templates/solananextjs/src/lib/types.ts (ext=.ts, size=724)
2025-11-13 08:05:53,848 - Knowledge - INFO - done ingest for /app/data/T0015/224022/b0280is/universalinit-224022/src/universalinit/common/db_visualizer/public/index.html
2025-11-13 08:05:53,916 - Knowledge - INFO - Processing batch of 15 files
2025-11-13 08:05:53,930 - Knowledge - INFO - Fast-tracked /app/data/T0015/224022/b0280is/universalinit-224022/src/universalinit/templates/sqlite/test_db.py (ext=.py, size=633)
2025-11-13 08:05:54,014 - Knowledge - INFO - Fast-tracked /app/data/T0015/224022/b0280is/universalinit-224022/src/universalinit/templates/angular/src/app/app.component.html (ext=.html, size=54)
2025-11-13 08:05:54,123 - Knowledge - INFO - Worker kw13 processing /app/data/T0015/224022/b0280is/universalinit-224022/src/universalinit/templates/express/src/app.js
2025-11-13 08:05:54,205 - Knowledge - INFO - Worker kw15 processing /app/data/T0015/224022/b0280is/universalinit-224022/src/universalinit/templates/dotnet/appsettings.Development.json
2025-11-13 08:05:54,279 - Knowledge - INFO - Worker kw16 processing /app/data/T0015/224022/b0280is/universalinit-224022/src/universalinit/templates/lightningjs/src/App.js
2025-11-13 08:05:54,354 - Knowledge - INFO - Worker kw17 processing /app/data/T0015/224022/b0280is/universalinit-224022/src/universalinit/templates/lightningjs/docs/components_props.md
2025-11-13 08:05:54,450 - Knowledge - INFO - Worker kw19 processing /app/data/T0015/224022/b0280is/universalinit-224022/src/universalinit/templates/lightningjs/docs/essentials_components.md
2025-11-13 08:05:54,525 - Knowledge - INFO - Fast-tracked /app/data/T0015/224022/b0280is/universalinit-224022/src/universalinit/templates/remix/config.yml (ext=.yml, size=1023)
2025-11-13 08:05:54,606 - Knowledge - INFO - Fast-tracked /app/data/T0015/224022/b0280is/universalinit-224022/src/universalinit/templates/lightningjs/docs/getting_started_getting_started.md (ext=.md, size=2671)
2025-11-13 08:05:54,681 - Knowledge - INFO - Fast-tracked /app/data/T0015/224022/b0280is/universalinit-224022/src/universalinit/templates/reactnative/package.json (ext=.json, size=901)
2025-11-13 08:05:54,838 - Knowledge - INFO - Processing batch of 15 files
2025-11-13 08:05:54,868 - Knowledge - INFO - Worker kw4 processing /app/data/T0015/224022/b0280is/universalinit-224022/src/universalinit/templates/vue/index.html
2025-11-13 08:05:54,942 - Knowledge - INFO - Worker kw5 processing /app/data/T0015/224022/b0280is/universalinit-224022/src/universalinit/templates/postgresql/config.yml
2025-11-13 08:05:55,021 - Knowledge - INFO - Worker kw6 processing /app/data/T0015/224022/b0280is/universalinit-224022/src/universalinit/templates/nativescript/App_Resources/Android/src/main/res/drawable/ic_launcher_foreground.xml
2025-11-13 08:05:55,103 - Knowledge - INFO - Fast-tracked /app/data/T0015/224022/b0280is/universalinit-224022/src/universalinit/templates/qwik/src/global.css (ext=.css, size=705)
2025-11-13 08:05:55,194 - Knowledge - INFO - Fast-tracked /app/data/T0015/224022/b0280is/universalinit-224022/src/universalinit/templates/qwik/README.md (ext=.md, size=2496)
2025-11-13 08:05:55,271 - Knowledge - INFO - Worker kw11 processing /app/data/T0015/224022/b0280is/universalinit-224022/src/universalinit/templates/tizen/src/index.css
2025-11-13 08:05:55,353 - Knowledge - INFO - Worker kw10 processing /app/data/T0015/224022/b0280is/universalinit-224022/src/universalinit/templates/solananextjs/src/lib/utils.ts
2025-11-13 08:05:55,559 - Knowledge - INFO - process ingested knowledge for /app/data/T0015/224022/b0280is/universalinit-224022/test/test_nuxt_template.py
2025-11-13 08:05:55,659 - Knowledge - INFO - Worker kw9 processing /app/data/T0015/224022/b0280is/universalinit-224022/src/universalinit/templates/sqlite/config.yml
2025-11-13 08:05:55,739 - Knowledge - INFO - Worker kw12 processing /app/data/T0015/224022/b0280is/universalinit-224022/src/universalinit/templates/angular/src/app/app.component.ts
2025-11-13 08:05:56,352 - Knowledge - INFO - Fast-tracked /app/data/T0015/224022/b0280is/universalinit-224022/src/universalinit/templates/express/src/app.js (ext=.js, size=1431)
2025-11-13 08:05:56,392 - Knowledge - INFO - [LLM_CALL] Completed: backup_db.sh:chunk1, Duration: 10798ms, PromptTokens: 2922, CompletionTokens: 259, Cost: $0.00040
2025-11-13 08:05:56,417 - Knowledge - INFO - Fast-tracked /app/data/T0015/224022/b0280is/universalinit-224022/src/universalinit/templates/dotnet/appsettings.Development.json (ext=.json, size=127)
2025-11-13 08:05:56,496 - Knowledge - INFO - Fast-tracked /app/data/T0015/224022/b0280is/universalinit-224022/src/universalinit/templates/lightningjs/src/App.js (ext=.js, size=227)
2025-11-13 08:05:56,576 - Knowledge - INFO - Fast-tracked /app/data/T0015/224022/b0280is/universalinit-224022/src/universalinit/templates/lightningjs/docs/components_props.md (ext=.md, size=3225)
2025-11-13 08:05:56,692 - Knowledge - INFO - Fast-tracked /app/data/T0015/224022/b0280is/universalinit-224022/src/universalinit/templates/lightningjs/docs/essentials_components.md (ext=.md, size=3084)
2025-11-13 08:05:56,769 - Knowledge - INFO - Worker kw20 processing /app/data/T0015/224022/b0280is/universalinit-224022/src/universalinit/templates/remix/postcss.config.js
2025-11-13 08:05:56,894 - Knowledge - INFO - Worker kw18 processing /app/data/T0015/224022/b0280is/universalinit-224022/src/universalinit/templates/lightningjs/docs/essentials_displaying_text.md
2025-11-13 08:05:56,971 - Knowledge - INFO - Worker kw14 processing /app/data/T0015/224022/b0280is/universalinit-224022/src/universalinit/templates/reactnative/config.yml
2025-11-13 08:05:57,056 - Knowledge - INFO - process ingested knowledge for /app/data/T0015/224022/b0280is/universalinit-224022/test/test_remix_template.py
2025-11-13 08:05:57,175 - Knowledge - INFO - Fast-tracked /app/data/T0015/224022/b0280is/universalinit-224022/src/universalinit/templates/vue/index.html (ext=.html, size=329)
2025-11-13 08:05:57,298 - Knowledge - INFO - Fast-tracked /app/data/T0015/224022/b0280is/universalinit-224022/src/universalinit/templates/postgresql/config.yml (ext=.yml, size=1375)
2025-11-13 08:05:57,386 - Knowledge - INFO - Fast-tracked /app/data/T0015/224022/b0280is/universalinit-224022/src/universalinit/templates/nativescript/App_Resources/Android/src/main/res/drawable/ic_launcher_foreground.xml (ext=.xml, size=1229)
2025-11-13 08:05:57,468 - Knowledge - INFO - Worker kw7 processing /app/data/T0015/224022/b0280is/universalinit-224022/src/universalinit/templates/qwik/src/entry.dev.tsx
2025-11-13 08:05:57,542 - Knowledge - INFO - Worker kw8 processing /app/data/T0015/224022/b0280is/universalinit-224022/src/universalinit/templates/qwik/public/manifest.json
2025-11-13 08:05:57,629 - Knowledge - INFO - Fast-tracked /app/data/T0015/224022/b0280is/universalinit-224022/src/universalinit/templates/tizen/src/index.css (ext=.css, size=284)
2025-11-13 08:05:57,715 - Knowledge - INFO - Fast-tracked /app/data/T0015/224022/b0280is/universalinit-224022/src/universalinit/templates/solananextjs/src/lib/utils.ts (ext=.ts, size=1239)
2025-11-13 08:05:57,788 - Knowledge - INFO - process ingested knowledge for /app/data/T0015/224022/b0280is/universalinit-224022/test/test_springboot_template.py
2025-11-13 08:05:57,856 - Knowledge - INFO - Fast-tracked /app/data/T0015/224022/b0280is/universalinit-224022/src/universalinit/templates/sqlite/config.yml (ext=.yml, size=1136)
2025-11-13 08:05:57,934 - Knowledge - INFO - Fast-tracked /app/data/T0015/224022/b0280is/universalinit-224022/src/universalinit/templates/angular/src/app/app.component.ts (ext=.ts, size=264)
2025-11-13 08:05:58,011 - Knowledge - INFO - Worker kw13 processing /app/data/T0015/224022/b0280is/universalinit-224022/src/universalinit/templates/express/src/routes/index.js
2025-11-13 08:05:58,124 - Knowledge - INFO - done ingest for /app/data/T0015/224022/b0280is/universalinit-224022/src/universalinit/common/backup_db.sh
2025-11-13 08:05:58,191 - Knowledge - INFO - Worker kw15 processing /app/data/T0015/224022/b0280is/universalinit-224022/src/universalinit/templates/flask/run.py
2025-11-13 08:05:58,287 - Knowledge - INFO - Worker kw16 processing /app/data/T0015/224022/b0280is/universalinit-224022/src/universalinit/templates/lightningjs/src/components/Loader.js
2025-11-13 08:05:58,401 - Knowledge - INFO - Worker kw17 processing /app/data/T0015/224022/b0280is/universalinit-224022/src/universalinit/templates/lightningjs/docs/components_lifecycle_events.md
2025-11-13 08:05:58,499 - Knowledge - INFO - Worker kw19 processing /app/data/T0015/224022/b0280is/universalinit-224022/src/universalinit/templates/lightningjs/README.md
2025-11-13 08:05:58,610 - Knowledge - INFO - Fast-tracked /app/data/T0015/224022/b0280is/universalinit-224022/src/universalinit/templates/remix/postcss.config.js (ext=.js, size=81)
2025-11-13 08:05:58,690 - Knowledge - INFO - Fast-tracked /app/data/T0015/224022/b0280is/universalinit-224022/src/universalinit/templates/lightningjs/docs/essentials_displaying_text.md (ext=.md, size=8323)
2025-11-13 08:05:58,772 - Knowledge - INFO - Fast-tracked /app/data/T0015/224022/b0280is/universalinit-224022/src/universalinit/templates/reactnative/config.yml (ext=.yml, size=872)
2025-11-13 08:05:58,851 - Knowledge - INFO - process ingested knowledge for /app/data/T0015/224022/b0280is/universalinit-224022/test/test_remotion_template.py
2025-11-13 08:05:58,971 - Knowledge - INFO - Processing batch of 15 files
2025-11-13 08:05:59,147 - Knowledge - INFO - Worker kw6 processing /app/data/T0015/224022/b0280is/universalinit-224022/src/universalinit/templates/nativescript/App_Resources/Android/src/main/res/values-v21/colors.xml
2025-11-13 08:05:59,247 - Knowledge - INFO - Fast-tracked /app/data/T0015/224022/b0280is/universalinit-224022/src/universalinit/templates/qwik/src/entry.dev.tsx (ext=.tsx, size=588)
2025-11-13 08:05:59,353 - Knowledge - INFO - Fast-tracked /app/data/T0015/224022/b0280is/universalinit-224022/src/universalinit/templates/qwik/public/manifest.json (ext=.json, size=258)
2025-11-13 08:05:59,440 - Knowledge - INFO - Worker kw11 processing /app/data/T0015/224022/b0280is/universalinit-224022/src/universalinit/templates/tizen/package.json
2025-11-13 08:06:02,355 - Knowledge - INFO - Worker kw14 processing /app/data/T0015/224022/b0280is/universalinit-224022/src/universalinit/templates/reactnative/App.tsx
2025-11-13 08:05:59,602 - Knowledge - INFO - process ingested knowledge for /app/data/T0015/224022/b0280is/universalinit-224022/test/test_typescript_template.py
2025-11-13 08:05:59,676 - Knowledge - INFO - Worker kw9 processing /app/data/T0015/224022/b0280is/universalinit-224022/src/universalinit/templates/solananextjs/src/components/WalletConnect.tsx
2025-11-13 08:05:59,767 - Knowledge - INFO - Worker kw12 processing /app/data/T0015/224022/b0280is/universalinit-224022/src/universalinit/templates/angular/src/app/app.config.server.ts
2025-11-13 08:05:59,834 - Knowledge - INFO - Fast-tracked /app/data/T0015/224022/b0280is/universalinit-224022/src/universalinit/templates/express/src/routes/index.js (ext=.js, size=940)
2025-11-13 08:06:00,104 - Knowledge - INFO - Fast-tracked /app/data/T0015/224022/b0280is/universalinit-224022/src/universalinit/templates/flask/run.py (ext=.py, size=62)
2025-11-13 08:06:00,551 - Knowledge - INFO - Fast-tracked /app/data/T0015/224022/b0280is/universalinit-224022/src/universalinit/templates/lightningjs/src/components/Loader.js (ext=.js, size=976)
2025-11-13 08:06:00,720 - Knowledge - INFO - Fast-tracked /app/data/T0015/224022/b0280is/universalinit-224022/src/universalinit/templates/lightningjs/docs/components_lifecycle_events.md (ext=.md, size=2459)
2025-11-13 08:06:01,667 - Knowledge - INFO - Fast-tracked /app/data/T0015/224022/b0280is/universalinit-224022/src/universalinit/templates/lightningjs/README.md (ext=.md, size=1338)
2025-11-13 08:06:01,813 - Knowledge - INFO - Worker kw20 processing /app/data/T0015/224022/b0280is/universalinit-224022/src/universalinit/templates/remix/app/entry.server.tsx
2025-11-13 08:06:01,977 - Knowledge - INFO - Worker kw18 processing /app/data/T0015/224022/b0280is/universalinit-224022/src/universalinit/templates/lightningjs/docs/plugins_global_app_state.md
2025-11-13 08:05:59,521 - Knowledge - INFO - Worker kw10 processing /app/data/T0015/224022/b0280is/universalinit-224022/src/universalinit/templates/solananextjs/src/lib/solana.ts
2025-11-13 08:06:02,779 - Knowledge - INFO - process ingested knowledge for /app/data/T0015/224022/b0280is/universalinit-224022/test/test_vue_template.py
2025-11-13 08:06:02,882 - Knowledge - INFO - process ingested knowledge for /app/data/T0015/224022/b0280is/universalinit-224022/src/universalinit/templates/vue/src/main.ts
2025-11-13 08:06:02,909 - Knowledge - INFO - [LLM_CALL] Completed: startup.sh:chunk1, Duration: 3850ms, PromptTokens: 3644, CompletionTokens: 280, Cost: $0.00048
2025-11-13 08:06:03,107 - Knowledge - INFO - Fast-tracked /app/data/T0015/224022/b0280is/universalinit-224022/src/universalinit/templates/nativescript/App_Resources/Android/src/main/res/values-v21/colors.xml (ext=.xml, size=196)
2025-11-13 08:06:03,216 - Knowledge - INFO - Worker kw7 processing /app/data/T0015/224022/b0280is/universalinit-224022/src/universalinit/templates/qwik/src/routes/index.tsx
2025-11-13 08:06:03,461 - Knowledge - INFO - Worker kw8 processing /app/data/T0015/224022/b0280is/universalinit-224022/src/universalinit/templates/nextjs/src/app/page.tsx
2025-11-13 08:06:03,745 - Knowledge - INFO - Fast-tracked /app/data/T0015/224022/b0280is/universalinit-224022/src/universalinit/templates/tizen/package.json (ext=.json, size=704)
2025-11-13 08:06:03,827 - Knowledge - INFO - Fast-tracked /app/data/T0015/224022/b0280is/universalinit-224022/src/universalinit/templates/reactnative/App.tsx (ext=.tsx, size=482)
2025-11-13 08:06:03,893 - Knowledge - INFO - process ingested knowledge for /app/data/T0015/224022/b0280is/universalinit-224022/test/test_slidev_template.py
2025-11-13 08:06:03,965 - Knowledge - INFO - Fast-tracked /app/data/T0015/224022/b0280is/universalinit-224022/src/universalinit/templates/solananextjs/src/components/WalletConnect.tsx (ext=.tsx, size=813)
2025-11-13 08:06:04,056 - Knowledge - INFO - Fast-tracked /app/data/T0015/224022/b0280is/universalinit-224022/src/universalinit/templates/angular/src/app/app.config.server.ts (ext=.ts, size=351)
2025-11-13 08:06:04,125 - Knowledge - INFO - Worker kw13 processing /app/data/T0015/224022/b0280is/universalinit-224022/src/universalinit/templates/express/src/server.js
2025-11-13 08:06:04,217 - Knowledge - INFO - Worker kw15 processing /app/data/T0015/224022/b0280is/universalinit-224022/src/universalinit/templates/flask/requirements.txt
2025-11-13 08:06:04,305 - Knowledge - INFO - Worker kw16 processing /app/data/T0015/224022/b0280is/universalinit-224022/src/universalinit/templates/lightningjs/src/components/Button.js
2025-11-13 08:06:04,382 - Knowledge - INFO - Worker kw17 processing /app/data/T0015/224022/b0280is/universalinit-224022/src/universalinit/templates/lightningjs/docs/components_methods.md
2025-11-13 08:06:04,490 - Knowledge - INFO - Worker kw19 processing /app/data/T0015/224022/b0280is/universalinit-224022/src/universalinit/templates/lightningjs/index.html
2025-11-13 08:06:04,576 - Knowledge - INFO - Worker kw20 processing /app/data/T0015/224022/b0280is/universalinit-224022/src/universalinit/templates/remix/app/entry.client.tsx
2025-11-13 08:06:04,650 - Knowledge - INFO - Fast-tracked /app/data/T0015/224022/b0280is/universalinit-224022/src/universalinit/templates/lightningjs/docs/plugins_global_app_state.md (ext=.md, size=5590)
2025-11-13 08:06:04,761 - Knowledge - INFO - Worker kw10 processing /app/data/T0015/224022/b0280is/universalinit-224022/src/universalinit/templates/solananextjs/next.config.ts
2025-11-13 08:06:04,840 - Knowledge - INFO - process ingested knowledge for /app/data/T0015/224022/b0280is/universalinit-224022/test/test_fastapi_template.py
2025-11-13 08:06:04,955 - Knowledge - INFO - process ingested knowledge for /app/data/T0015/224022/b0280is/universalinit-224022/src/universalinit/templates/vue/src/components/__tests__/HelloWorld.spec.ts
2025-11-13 08:06:05,070 - Knowledge - INFO - done ingest for /app/data/T0015/224022/b0280is/universalinit-224022/src/universalinit/templates/postgresql/startup.sh
2025-11-13 08:06:05,072 - Knowledge - INFO - [LLM_CALL] Completed: templateconfig.py:chunk1, Duration: 16209ms, PromptTokens: 4566, CompletionTokens: 577, Cost: $0.00069
2025-11-13 08:06:05,243 - Knowledge - INFO - Fast-tracked /app/data/T0015/224022/b0280is/universalinit-224022/src/universalinit/templates/qwik/src/routes/index.tsx (ext=.tsx, size=488)
2025-11-13 08:06:05,327 - Knowledge - INFO - Fast-tracked /app/data/T0015/224022/b0280is/universalinit-224022/src/universalinit/templates/nextjs/src/app/page.tsx (ext=.tsx, size=264)
2025-11-13 08:06:05,404 - Knowledge - INFO - Worker kw11 processing /app/data/T0015/224022/b0280is/universalinit-224022/src/universalinit/templates/tizen/config.yml
2025-11-13 08:06:05,493 - Knowledge - INFO - Worker kw14 processing /app/data/T0015/224022/b0280is/universalinit-224022/src/universalinit/templates/reactnative/app.json
2025-11-13 08:06:05,575 - Knowledge - INFO - process ingested knowledge for /app/data/T0015/224022/b0280is/universalinit-224022/test/test_django_template.py
2025-11-13 08:06:05,740 - Knowledge - INFO - Worker kw12 processing /app/data/T0015/224022/b0280is/universalinit-224022/src/universalinit/templates/angular/src/styles.css
2025-11-13 08:06:05,817 - Knowledge - INFO - Fast-tracked /app/data/T0015/224022/b0280is/universalinit-224022/src/universalinit/templates/express/src/server.js (ext=.js, size=474)
2025-11-13 08:06:05,894 - Knowledge - INFO - Fast-tracked /app/data/T0015/224022/b0280is/universalinit-224022/src/universalinit/templates/flask/requirements.txt (ext=.txt, size=324)
2025-11-13 08:06:05,964 - Knowledge - INFO - Fast-tracked /app/data/T0015/224022/b0280is/universalinit-224022/src/universalinit/templates/lightningjs/src/components/Button.js (ext=.js, size=442)
2025-11-13 08:06:06,057 - Knowledge - INFO - Fast-tracked /app/data/T0015/224022/b0280is/universalinit-224022/src/universalinit/templates/lightningjs/docs/components_methods.md (ext=.md, size=1711)
2025-11-13 08:06:06,131 - Knowledge - INFO - Fast-tracked /app/data/T0015/224022/b0280is/universalinit-224022/src/universalinit/templates/lightningjs/index.html (ext=.html, size=323)
2025-11-13 08:06:06,218 - Knowledge - INFO - Fast-tracked /app/data/T0015/224022/b0280is/universalinit-224022/src/universalinit/templates/remix/app/entry.client.tsx (ext=.tsx, size=561)
2025-11-13 08:06:06,298 - Knowledge - INFO - Worker kw18 processing /app/data/T0015/224022/b0280is/universalinit-224022/src/universalinit/templates/lightningjs/docs/components_computed_properties.md
2025-11-13 08:06:06,367 - Knowledge - INFO - Fast-tracked /app/data/T0015/224022/b0280is/universalinit-224022/src/universalinit/templates/solananextjs/next.config.ts (ext=.ts, size=125)
2025-11-13 08:06:06,437 - Knowledge - INFO - process ingested knowledge for /app/data/T0015/224022/b0280is/universalinit-224022/test/test_vite_template.py
2025-11-13 08:06:06,524 - Knowledge - INFO - process ingested knowledge for /app/data/T0015/224022/b0280is/universalinit-224022/src/universalinit/templates/vue/src/router/index.ts
2025-11-13 08:06:06,695 - Knowledge - INFO - done ingest for /app/data/T0015/224022/b0280is/universalinit-224022/src/universalinit/templateconfig.py
2025-11-13 08:06:06,742 - Knowledge - INFO - Processing batch of 15 files
2025-11-13 08:06:06,756 - Knowledge - INFO - Processing batch of 15 files
2025-11-13 08:06:06,804 - Knowledge - INFO - Processing batch of 15 files
2025-11-13 08:06:06,912 - Knowledge - INFO - Fast-tracked /app/data/T0015/224022/b0280is/universalinit-224022/src/universalinit/templates/tizen/config.yml (ext=.yml, size=1022)
2025-11-13 08:06:06,999 - Knowledge - INFO - Fast-tracked /app/data/T0015/224022/b0280is/universalinit-224022/src/universalinit/templates/reactnative/app.json (ext=.json, size=648)
2025-11-13 08:06:07,074 - Knowledge - INFO - process ingested knowledge for /app/data/T0015/224022/b0280is/universalinit-224022/test/test_run_command_info.py
2025-11-13 08:06:07,143 - Knowledge - INFO - Fast-tracked /app/data/T0015/224022/b0280is/universalinit-224022/src/universalinit/templates/angular/src/styles.css (ext=.css, size=273)
2025-11-13 08:06:07,214 - Knowledge - INFO - Worker kw13 processing /app/data/T0015/224022/b0280is/universalinit-224022/src/universalinit/templates/express/src/middleware/index.js
2025-11-13 08:06:07,335 - Knowledge - INFO - Worker kw15 processing /app/data/T0015/224022/b0280is/universalinit-224022/src/universalinit/templates/flask/config.yml
2025-11-13 08:06:07,416 - Knowledge - INFO - Worker kw16 processing /app/data/T0015/224022/b0280is/universalinit-224022/src/universalinit/templates/lightningjs/src/index.js
2025-11-13 08:06:07,493 - Knowledge - INFO - Worker kw17 processing /app/data/T0015/224022/b0280is/universalinit-224022/src/universalinit/templates/lightningjs/docs/built-in_directives.md
2025-11-13 08:06:07,574 - Knowledge - INFO - Worker kw19 processing /app/data/T0015/224022/b0280is/universalinit-224022/src/universalinit/templates/lightningjs/vite.config.js
2025-11-13 08:06:07,655 - Knowledge - INFO - Worker kw20 processing /app/data/T0015/224022/b0280is/universalinit-224022/src/universalinit/templates/remix/app/routes/_index.tsx
2025-11-13 08:06:07,739 - Knowledge - INFO - Fast-tracked /app/data/T0015/224022/b0280is/universalinit-224022/src/universalinit/templates/lightningjs/docs/components_computed_properties.md (ext=.md, size=3056)
2025-11-13 08:06:07,818 - Knowledge - INFO - Worker kw10 processing /app/data/T0015/224022/b0280is/universalinit-224022/src/universalinit/templates/solananextjs/package.json
2025-11-13 08:06:07,895 - Knowledge - INFO - process ingested knowledge for /app/data/T0015/224022/b0280is/universalinit-224022/test/test_postgresql_template.py
2025-11-13 08:06:07,983 - Knowledge - INFO - process ingested knowledge for /app/data/T0015/224022/b0280is/universalinit-224022/src/universalinit/templates/vue/src/assets/main.css
2025-11-13 08:06:08,286 - Knowledge - INFO - process ingested knowledge for /app/data/T0015/224022/b0280is/universalinit-224022/src/universalinit/templates/nativescript/package.json
2025-11-13 08:06:08,412 - Knowledge - INFO - process ingested knowledge for /app/data/T0015/224022/b0280is/universalinit-224022/src/universalinit/templates/fastapi/src/api/main.py
2025-11-13 08:06:08,540 - Knowledge - INFO - process ingested knowledge for /app/data/T0015/224022/b0280is/universalinit-224022/src/universalinit/templates/nativescript/App_Resources/Android/src/main/res/values-v21/styles.xml
2025-11-13 08:06:08,660 - Knowledge - INFO - [LLM_CALL] Completed: restore_db.sh:chunk1, Duration: 22283ms, PromptTokens: 2994, CompletionTokens: 290, Cost: $0.00042
2025-11-13 08:06:08,711 - Knowledge - INFO - Worker kw11 processing /app/data/T0015/224022/b0280is/universalinit-224022/src/universalinit/templates/tizen/eslint.config.js
2025-11-13 08:06:08,780 - Knowledge - INFO - Worker kw14 processing /app/data/T0015/224022/b0280is/universalinit-224022/src/universalinit/templates/reactnative/tsconfig.json
2025-11-13 08:06:08,863 - Knowledge - INFO - process ingested knowledge for /app/data/T0015/224022/b0280is/universalinit-224022/test/test_envmapper.py
2025-11-13 08:06:08,941 - Knowledge - INFO - Worker kw12 processing /app/data/T0015/224022/b0280is/universalinit-224022/src/universalinit/templates/angular/src/index.html
2025-11-13 08:06:09,014 - Knowledge - INFO - Fast-tracked /app/data/T0015/224022/b0280is/universalinit-224022/src/universalinit/templates/express/src/middleware/index.js (ext=.js, size=113)
2025-11-13 08:06:09,113 - Knowledge - INFO - Fast-tracked /app/data/T0015/224022/b0280is/universalinit-224022/src/universalinit/templates/flask/config.yml (ext=.yml, size=1564)
2025-11-13 08:06:09,214 - Knowledge - INFO - Fast-tracked /app/data/T0015/224022/b0280is/universalinit-224022/src/universalinit/templates/lightningjs/src/index.js (ext=.js, size=136)
2025-11-13 08:06:09,289 - Knowledge - INFO - Fast-tracked /app/data/T0015/224022/b0280is/universalinit-224022/src/universalinit/templates/lightningjs/docs/built-in_directives.md (ext=.md, size=2846)
2025-11-13 08:06:09,406 - Knowledge - INFO - Fast-tracked /app/data/T0015/224022/b0280is/universalinit-224022/src/universalinit/templates/lightningjs/vite.config.js (ext=.js, size=771)
2025-11-13 08:06:09,489 - Knowledge - INFO - Worker kw20 processing /app/data/T0015/224022/b0280is/universalinit-224022/src/universalinit/templates/remix/app/root.tsx
2025-11-13 08:06:09,615 - Knowledge - INFO - Worker kw18 processing /app/data/T0015/224022/b0280is/universalinit-224022/src/universalinit/templates/lightningjs/docs/essentials_element_attributes.md
2025-11-13 08:06:09,705 - Knowledge - INFO - Fast-tracked /app/data/T0015/224022/b0280is/universalinit-224022/src/universalinit/templates/solananextjs/package.json (ext=.json, size=705)
2025-11-13 08:06:09,780 - Knowledge - INFO - process ingested knowledge for /app/data/T0015/224022/b0280is/universalinit-224022/test/test_nativescript_template.py
2025-11-13 08:06:09,865 - Knowledge - INFO - process ingested knowledge for /app/data/T0015/224022/b0280is/universalinit-224022/src/universalinit/templates/vue/src/assets/base.css
2025-11-13 08:06:09,941 - Knowledge - INFO - process ingested knowledge for /app/data/T0015/224022/b0280is/universalinit-224022/src/universalinit/templates/nativescript/webpack.config.js
2025-11-13 08:06:10,018 - Knowledge - INFO - process ingested knowledge for /app/data/T0015/224022/b0280is/universalinit-224022/src/universalinit/templates/fastapi/src/api/generate_openapi.py
2025-11-13 08:06:10,102 - Knowledge - INFO - process ingested knowledge for /app/data/T0015/224022/b0280is/universalinit-224022/src/universalinit/templates/nativescript/App_Resources/Android/src/main/res/values-v29/styles.xml
2025-11-13 08:06:10,188 - Knowledge - INFO - done ingest for /app/data/T0015/224022/b0280is/universalinit-224022/src/universalinit/common/restore_db.sh
2025-11-13 08:06:10,290 - Knowledge - INFO - Fast-tracked /app/data/T0015/224022/b0280is/universalinit-224022/src/universalinit/templates/tizen/eslint.config.js (ext=.js, size=831)
2025-11-13 08:06:10,386 - Knowledge - INFO - Fast-tracked /app/data/T0015/224022/b0280is/universalinit-224022/src/universalinit/templates/reactnative/tsconfig.json (ext=.json, size=85)
2025-11-13 08:06:10,509 - Knowledge - INFO - process ingested knowledge for /app/data/T0015/224022/b0280is/universalinit-224022/test/test_svelte_template.py
2025-11-13 08:06:10,600 - Knowledge - INFO - Fast-tracked /app/data/T0015/224022/b0280is/universalinit-224022/src/universalinit/templates/angular/src/index.html (ext=.html, size=293)
2025-11-13 08:06:10,688 - Knowledge - INFO - Worker kw13 processing /app/data/T0015/224022/b0280is/universalinit-224022/src/universalinit/templates/express/src/controllers/health.js
2025-11-13 08:06:10,922 - Knowledge - INFO - Processing batch of 12 files
2025-11-13 08:06:11,077 - Knowledge - INFO - Worker kw17 processing /app/data/T0015/224022/b0280is/universalinit-224022/src/universalinit/templates/lightningjs/docs/router_basics.md
2025-11-13 08:06:11,177 - Knowledge - INFO - Worker kw19 processing /app/data/T0015/224022/b0280is/universalinit-224022/src/universalinit/templates/astro/package.json
2025-11-13 08:06:11,198 - Knowledge - INFO - [LLM_CALL] Completed: vite.config.ts:chunk1, Duration: 4359ms, PromptTokens: 2706, CompletionTokens: 268, Cost: $0.00038
2025-11-13 08:06:11,267 - Knowledge - INFO - Fast-tracked /app/data/T0015/224022/b0280is/universalinit-224022/src/universalinit/templates/remix/app/root.tsx (ext=.tsx, size=991)
2025-11-13 08:06:11,362 - Knowledge - INFO - Fast-tracked /app/data/T0015/224022/b0280is/universalinit-224022/src/universalinit/templates/lightningjs/docs/essentials_element_attributes.md (ext=.md, size=13522)
2025-11-13 08:06:11,531 - Knowledge - INFO - process ingested knowledge for /app/data/T0015/224022/b0280is/universalinit-224022/test/test_nextjs_template.py
2025-11-13 08:06:11,611 - Knowledge - INFO - process ingested knowledge for /app/data/T0015/224022/b0280is/universalinit-224022/src/universalinit/templates/vue/eslint.config.ts
2025-11-13 08:06:11,683 - Knowledge - INFO - process ingested knowledge for /app/data/T0015/224022/b0280is/universalinit-224022/src/universalinit/templates/nativescript/config.yml
2025-11-13 08:06:11,750 - Knowledge - INFO - process ingested knowledge for /app/data/T0015/224022/b0280is/universalinit-224022/src/universalinit/templates/fastapi/requirements.txt
2025-11-13 08:06:11,822 - Knowledge - INFO - process ingested knowledge for /app/data/T0015/224022/b0280is/universalinit-224022/src/universalinit/templates/nativescript/App_Resources/Android/src/main/res/mipmap-anydpi-v26/ic_launcher.xml
2025-11-13 08:06:12,396 - Knowledge - INFO - Worker kw11 processing /app/data/T0015/224022/b0280is/universalinit-224022/src/universalinit/templates/tizen/config.xml
2025-11-13 08:06:12,534 - Knowledge - INFO - Worker kw14 processing /app/data/T0015/224022/b0280is/universalinit-224022/src/universalinit/templates/reactnative/index.ts
2025-11-13 08:06:12,840 - Knowledge - INFO - process ingested knowledge for /app/data/T0015/224022/b0280is/universalinit-224022/test/test_android_template.py
2025-11-13 08:06:13,058 - Knowledge - INFO - Worker kw12 processing /app/data/T0015/224022/b0280is/universalinit-224022/src/universalinit/templates/angular/src/main.server.ts
2025-11-13 08:06:13,301 - Knowledge - INFO - Fast-tracked /app/data/T0015/224022/b0280is/universalinit-224022/src/universalinit/templates/express/src/controllers/health.js (ext=.js, size=246)
2025-11-13 08:06:13,372 - Knowledge - INFO - process ingested knowledge for /app/data/T0015/224022/b0280is/universalinit-224022/src/universalinit/templates/flutter/test/widget_test.dart
2025-11-13 08:06:13,526 - Knowledge - INFO - Fast-tracked /app/data/T0015/224022/b0280is/universalinit-224022/src/universalinit/templates/lightningjs/docs/router_basics.md (ext=.md, size=11355)
2025-11-13 08:06:13,610 - Knowledge - INFO - Fast-tracked /app/data/T0015/224022/b0280is/universalinit-224022/src/universalinit/templates/astro/package.json (ext=.json, size=520)
2025-11-13 08:06:13,684 - Knowledge - INFO - done ingest for /app/data/T0015/224022/b0280is/universalinit-224022/src/universalinit/templates/qwik/vite.config.ts
2025-11-13 08:06:13,685 - Knowledge - INFO - [LLM_CALL] Completed: init_db.py:chunk1, Duration: 6989ms, PromptTokens: 2846, CompletionTokens: 289, Cost: $0.00040
2025-11-13 08:06:13,790 - Knowledge - INFO - Worker kw20 processing /app/data/T0015/224022/b0280is/universalinit-224022/src/universalinit/templates/remix/app/tailwind.css
2025-11-13 08:06:13,874 - Knowledge - INFO - Worker kw18 processing /app/data/T0015/224022/b0280is/universalinit-224022/src/universalinit/templates/lightningjs/docs/components_watchers.md
2025-11-13 08:06:13,963 - Knowledge - INFO - process ingested knowledge for /app/data/T0015/224022/b0280is/universalinit-224022/test/conftest.py
2025-11-13 08:06:14,034 - Knowledge - INFO - process ingested knowledge for /app/data/T0015/224022/b0280is/universalinit-224022/src/universalinit/templates/vue/tsconfig.app.json
2025-11-13 08:06:14,104 - Knowledge - INFO - process ingested knowledge for /app/data/T0015/224022/b0280is/universalinit-224022/src/universalinit/templates/nativescript/app/app.css
2025-11-13 08:06:14,195 - Knowledge - INFO - process ingested knowledge for /app/data/T0015/224022/b0280is/universalinit-224022/src/universalinit/templates/fastapi/config.yml
2025-11-13 08:06:14,266 - Knowledge - INFO - process ingested knowledge for /app/data/T0015/224022/b0280is/universalinit-224022/src/universalinit/templates/nativescript/App_Resources/Android/src/main/res/drawable-nodpi/splash_screen.xml
2025-11-13 08:06:14,347 - Knowledge - INFO - Fast-tracked /app/data/T0015/224022/b0280is/universalinit-224022/src/universalinit/templates/tizen/config.xml (ext=.xml, size=438)
2025-11-13 08:06:14,438 - Knowledge - INFO - Fast-tracked /app/data/T0015/224022/b0280is/universalinit-224022/src/universalinit/templates/reactnative/index.ts (ext=.ts, size=307)
2025-11-13 08:06:14,509 - Knowledge - INFO - process ingested knowledge for /app/data/T0015/224022/b0280is/universalinit-224022/test/test_lightningjs_template.py
2025-11-13 08:06:14,591 - Knowledge - INFO - Fast-tracked /app/data/T0015/224022/b0280is/universalinit-224022/src/universalinit/templates/angular/src/main.server.ts (ext=.ts, size=264)
2025-11-13 08:06:14,676 - Knowledge - INFO - Worker kw13 processing /app/data/T0015/224022/b0280is/universalinit-224022/src/universalinit/templates/express/nodemon.json
2025-11-13 08:06:14,791 - Knowledge - INFO - process ingested knowledge for /app/data/T0015/224022/b0280is/universalinit-224022/src/universalinit/templates/flutter/config.yml
2025-11-13 08:06:14,979 - Knowledge - INFO - Worker kw19 processing /app/data/T0015/224022/b0280is/universalinit-224022/src/universalinit/templates/astro/config.yml
2025-11-13 08:06:15,151 - Knowledge - INFO - done ingest for /app/data/T0015/224022/b0280is/universalinit-224022/src/universalinit/templates/sqlite/init_db.py
2025-11-13 08:06:15,151 - Knowledge - INFO - [LLM_CALL] Completed: universalinit.py:chunk1, Duration: 30512ms, PromptTokens: 17506, CompletionTokens: 851, Cost: $0.00209
2025-11-13 08:06:15,269 - Knowledge - INFO - Fast-tracked /app/data/T0015/224022/b0280is/universalinit-224022/src/universalinit/templates/remix/app/tailwind.css (ext=.css, size=180)
2025-11-13 08:06:15,353 - Knowledge - INFO - Fast-tracked /app/data/T0015/224022/b0280is/universalinit-224022/src/universalinit/templates/lightningjs/docs/components_watchers.md (ext=.md, size=1899)
2025-11-13 08:06:15,424 - Knowledge - INFO - process ingested knowledge for /app/data/T0015/224022/b0280is/universalinit-224022/test/test_qwik_template.py
2025-11-13 08:06:15,550 - Knowledge - INFO - process ingested knowledge for /app/data/T0015/224022/b0280is/universalinit-224022/src/universalinit/templates/vue/package.json
2025-11-13 08:06:15,646 - Knowledge - INFO - process ingested knowledge for /app/data/T0015/224022/b0280is/universalinit-224022/src/universalinit/templates/nativescript/app/app.js
2025-11-13 08:06:15,721 - Knowledge - INFO - process ingested knowledge for /app/data/T0015/224022/b0280is/universalinit-224022/src/universalinit/templates/vite/src/main.js
2025-11-13 08:06:15,835 - Knowledge - INFO - process ingested knowledge for /app/data/T0015/224022/b0280is/universalinit-224022/src/universalinit/templates/nativescript/App_Resources/Android/src/main/AndroidManifest.xml
2025-11-13 08:06:16,078 - Knowledge - INFO - process ingested knowledge for /app/data/T0015/224022/b0280is/universalinit-224022/test/test_kotlin_template.py
2025-11-13 08:06:16,274 - Knowledge - INFO - Fast-tracked /app/data/T0015/224022/b0280is/universalinit-224022/src/universalinit/templates/express/nodemon.json (ext=.json, size=148)
2025-11-13 08:06:16,355 - Knowledge - INFO - process ingested knowledge for /app/data/T0015/224022/b0280is/universalinit-224022/src/universalinit/templates/flutter/pubspec.yaml
2025-11-13 08:06:16,442 - Knowledge - INFO - Fast-tracked /app/data/T0015/224022/b0280is/universalinit-224022/src/universalinit/templates/astro/config.yml (ext=.yml, size=1022)
2025-11-13 08:06:16,650 - Knowledge - INFO - done ingest for /app/data/T0015/224022/b0280is/universalinit-224022/src/universalinit/universalinit.py
2025-11-13 08:06:16,671 - Knowledge - INFO - [LLM_CALL] Completed: Home.js:chunk1, Duration: 5671ms, PromptTokens: 2660, CompletionTokens: 254, Cost: $0.00037
2025-11-13 08:06:17,001 - Knowledge - INFO - process ingested knowledge for /app/data/T0015/224022/b0280is/universalinit-224022/test/test_sqlite_template.py
2025-11-13 08:06:17,084 - Knowledge - INFO - process ingested knowledge for /app/data/T0015/224022/b0280is/universalinit-224022/src/universalinit/templates/vue/tsconfig.vitest.json
2025-11-13 08:06:17,184 - Knowledge - INFO - process ingested knowledge for /app/data/T0015/224022/b0280is/universalinit-224022/src/universalinit/templates/nativescript/app/app-root.xml
2025-11-13 08:06:17,263 - Knowledge - INFO - process ingested knowledge for /app/data/T0015/224022/b0280is/universalinit-224022/src/universalinit/templates/vite/src/style.css
2025-11-13 08:06:17,378 - Knowledge - INFO - process ingested knowledge for /app/data/T0015/224022/b0280is/universalinit-224022/src/universalinit/templates/nativescript/App_Resources/Android/app.gradle
2025-11-13 08:06:17,495 - Knowledge - INFO - process ingested knowledge for /app/data/T0015/224022/b0280is/universalinit-224022/test/test_flask_template.py
2025-11-13 08:06:17,668 - Knowledge - INFO - process ingested knowledge for /app/data/T0015/224022/b0280is/universalinit-224022/src/universalinit/templates/flutter/lib/main.dart
2025-11-13 08:06:18,259 - Knowledge - INFO - done ingest for /app/data/T0015/224022/b0280is/universalinit-224022/src/universalinit/templates/lightningjs/src/pages/Home.js
2025-11-13 08:06:18,298 - Knowledge - INFO - Processing batch of 12 files
2025-11-13 08:06:18,489 - Knowledge - INFO - [LLM_CALL] Completed: db_shell.py:chunk1, Duration: 9949ms, PromptTokens: 3222, CompletionTokens: 372, Cost: $0.00047
2025-11-13 08:06:18,623 - Knowledge - INFO - process ingested knowledge for /app/data/T0015/224022/b0280is/universalinit-224022/test/test_express_template.py
2025-11-13 08:06:18,799 - Knowledge - INFO - process ingested knowledge for /app/data/T0015/224022/b0280is/universalinit-224022/src/universalinit/templates/vue/config.yml
2025-11-13 08:06:18,916 - Knowledge - INFO - process ingested knowledge for /app/data/T0015/224022/b0280is/universalinit-224022/src/universalinit/templates/nativescript/app/home/home-page.xml
2025-11-13 08:06:18,993 - Knowledge - INFO - process ingested knowledge for /app/data/T0015/224022/b0280is/universalinit-224022/src/universalinit/templates/vite/src/counter.js
2025-11-13 08:06:19,067 - Knowledge - INFO - process ingested knowledge for /app/data/T0015/224022/b0280is/universalinit-224022/src/universalinit/templates/nativescript/App_Resources/Android/before-plugins.gradle
2025-11-13 08:06:19,160 - Knowledge - INFO - process ingested knowledge for /app/data/T0015/224022/b0280is/universalinit-224022/test/test_integration.py
2025-11-13 08:06:19,248 - Knowledge - INFO - process ingested knowledge for /app/data/T0015/224022/b0280is/universalinit-224022/src/universalinit/templates/dotnet/Program.cs
2025-11-13 08:06:19,416 - Knowledge - INFO - process ingested knowledge for /app/data/T0015/224022/b0280is/universalinit-224022/src/universalinit/templates/lightningjs/package.json
2025-11-13 08:06:19,485 - Knowledge - INFO - done ingest for /app/data/T0015/224022/b0280is/universalinit-224022/src/universalinit/templates/sqlite/db_shell.py
2025-11-13 08:06:19,486 - Knowledge - INFO - Processing batch of 12 files
2025-11-13 08:06:19,488 - Knowledge - INFO - [LLM_CALL] Completed: solana.ts:chunk1, Duration: 5803ms, PromptTokens: 3392, CompletionTokens: 532, Cost: $0.00055
2025-11-13 08:06:19,581 - Knowledge - INFO - process ingested knowledge for /app/data/T0015/224022/b0280is/universalinit-224022/test/test_angular_template.py
2025-11-13 08:06:19,659 - Knowledge - INFO - process ingested knowledge for /app/data/T0015/224022/b0280is/universalinit-224022/src/universalinit/templates/vue/vite.config.ts
2025-11-13 08:06:19,735 - Knowledge - INFO - process ingested knowledge for /app/data/T0015/224022/b0280is/universalinit-224022/src/universalinit/templates/nativescript/app/home/home-view-model.js
2025-11-13 08:06:19,830 - Knowledge - INFO - process ingested knowledge for /app/data/T0015/224022/b0280is/universalinit-224022/src/universalinit/templates/vite/package.json
2025-11-13 08:06:19,916 - Knowledge - INFO - process ingested knowledge for /app/data/T0015/224022/b0280is/universalinit-224022/src/universalinit/templates/nativescript/App_Resources/iOS/Assets.xcassets/Contents.json
2025-11-13 08:06:19,996 - Knowledge - INFO - process ingested knowledge for /app/data/T0015/224022/b0280is/universalinit-224022/test/test_astro_template.py
2025-11-13 08:06:20,075 - Knowledge - INFO - process ingested knowledge for /app/data/T0015/224022/b0280is/universalinit-224022/src/universalinit/templates/dotnet/appsettings.json
2025-11-13 08:06:20,151 - Knowledge - INFO - process ingested knowledge for /app/data/T0015/224022/b0280is/universalinit-224022/src/universalinit/templates/lightningjs/config.yml
2025-11-13 08:06:20,320 - Knowledge - INFO - process ingested knowledge for /app/data/T0015/224022/b0280is/universalinit-224022/src/universalinit/templates/lightningjs/docs/plugins_language.md
2025-11-13 08:06:20,418 - Knowledge - INFO - done ingest for /app/data/T0015/224022/b0280is/universalinit-224022/src/universalinit/templates/solananextjs/src/lib/solana.ts
2025-11-13 08:06:20,421 - Knowledge - INFO - [LLM_CALL] Completed: server.js:chunk1, Duration: 33232ms, PromptTokens: 5254, CompletionTokens: 770, Cost: $0.00083
2025-11-13 08:06:20,504 - Knowledge - INFO - process ingested knowledge for /app/data/T0015/224022/b0280is/universalinit-224022/test/test_reactnative_template.py
2025-11-13 08:06:20,614 - Knowledge - INFO - process ingested knowledge for /app/data/T0015/224022/b0280is/universalinit-224022/src/universalinit/templates/vue/tsconfig.node.json
2025-11-13 08:06:20,695 - Knowledge - INFO - process ingested knowledge for /app/data/T0015/224022/b0280is/universalinit-224022/src/universalinit/templates/nativescript/app/home/home-page.js
2025-11-13 08:06:20,776 - Knowledge - INFO - process ingested knowledge for /app/data/T0015/224022/b0280is/universalinit-224022/src/universalinit/templates/vite/config.yml
2025-11-13 08:06:20,857 - Knowledge - INFO - process ingested knowledge for /app/data/T0015/224022/b0280is/universalinit-224022/src/universalinit/templates/nativescript/App_Resources/iOS/Assets.xcassets/AppIcon.appiconset/Contents.json
2025-11-13 08:06:20,926 - Knowledge - INFO - process ingested knowledge for /app/data/T0015/224022/b0280is/universalinit-224022/test/test_solana_nextjs_template.py
2025-11-13 08:06:21,009 - Knowledge - INFO - process ingested knowledge for /app/data/T0015/224022/b0280is/universalinit-224022/src/universalinit/templates/dotnet/config.yml
2025-11-13 08:06:21,082 - Knowledge - INFO - process ingested knowledge for /app/data/T0015/224022/b0280is/universalinit-224022/src/universalinit/templates/lightningjs/eslint.config.cjs
2025-11-13 08:06:21,172 - Knowledge - INFO - process ingested knowledge for /app/data/T0015/224022/b0280is/universalinit-224022/src/universalinit/templates/lightningjs/docs/transitions_animations_transitions.md
2025-11-13 08:06:21,365 - Knowledge - INFO - done ingest for /app/data/T0015/224022/b0280is/universalinit-224022/src/universalinit/common/db_visualizer/server.js
2025-11-13 08:06:21,368 - Knowledge - INFO - Processing batch of 12 files
2025-11-13 08:06:21,415 - Knowledge - INFO - Processing batch of 15 files
2025-11-13 08:06:21,436 - Knowledge - INFO - Processing batch of 15 files
2025-11-13 08:06:21,450 - Knowledge - INFO - Processing batch of 15 files
2025-11-13 08:06:21,451 - Knowledge - INFO - Processing batch of 15 files
2025-11-13 08:06:21,456 - Knowledge - INFO - process ingested knowledge for /app/data/T0015/224022/b0280is/universalinit-224022/test/test_flutter_template.py
2025-11-13 08:06:21,458 - Knowledge - INFO - Processing batch of 12 files
2025-11-13 08:06:21,459 - Knowledge - INFO - Processing batch of 15 files
2025-11-13 08:06:21,484 - Knowledge - INFO - Processing batch of 15 files
2025-11-13 08:06:21,533 - Knowledge - INFO - process ingested knowledge for /app/data/T0015/224022/b0280is/universalinit-224022/src/universalinit/templates/vue/tsconfig.json
2025-11-13 08:06:21,626 - Knowledge - INFO - process ingested knowledge for /app/data/T0015/224022/b0280is/universalinit-224022/src/universalinit/templates/nativescript/nativescript.config.ts
2025-11-13 08:06:21,717 - Knowledge - INFO - process ingested knowledge for /app/data/T0015/224022/b0280is/universalinit-224022/src/universalinit/templates/vite/tsconfig.json
2025-11-13 08:06:21,792 - Knowledge - INFO - process ingested knowledge for /app/data/T0015/224022/b0280is/universalinit-224022/src/universalinit/templates/nativescript/App_Resources/iOS/Assets.xcassets/LaunchScreen.AspectFill.imageset/Contents.json
2025-11-13 08:06:21,953 - Knowledge - INFO - process ingested knowledge for /app/data/T0015/224022/b0280is/universalinit-224022/src/universalinit/templates/dotnet/Properties/launchSettings.json
2025-11-13 08:06:22,023 - Knowledge - INFO - process ingested knowledge for /app/data/T0015/224022/b0280is/universalinit-224022/src/universalinit/templates/lightningjs/docs/essentials_application_root.md
2025-11-13 08:06:22,102 - Knowledge - INFO - process ingested knowledge for /app/data/T0015/224022/b0280is/universalinit-224022/src/universalinit/templates/lightningjs/docs/essentials_displaying_images.md
2025-11-13 08:06:22,351 - Knowledge - INFO - process ingested knowledge for /app/data/T0015/224022/b0280is/universalinit-224022/src/universalinit/templates/lightningjs/docs/router_transitions.md
2025-11-13 08:06:22,453 - Knowledge - INFO - process ingested knowledge for /app/data/T0015/224022/b0280is/universalinit-224022/src/universalinit/templates/solananextjs/config.yml
2025-11-13 08:06:22,551 - Knowledge - INFO - process ingested knowledge for /app/data/T0015/224022/b0280is/universalinit-224022/src/universalinit/templates/angular/tsconfig.app.json
2025-11-13 08:06:22,635 - Knowledge - INFO - process ingested knowledge for /app/data/T0015/224022/b0280is/universalinit-224022/src/universalinit/templates/nextjs/src/app/globals.css
2025-11-13 08:06:22,741 - Knowledge - INFO - process ingested knowledge for /app/data/T0015/224022/b0280is/universalinit-224022/src/universalinit/templates/qwik/src/routes/service-worker.ts
2025-11-13 08:06:22,916 - Knowledge - INFO - process ingested knowledge for /app/data/T0015/224022/b0280is/universalinit-224022/src/universalinit/templates/flask/app/routes/health.py
2025-11-13 08:06:23,038 - Knowledge - INFO - process ingested knowledge for /app/data/T0015/224022/b0280is/universalinit-224022/src/universalinit/templates/tizen/README.md
2025-11-13 08:06:23,128 - Knowledge - INFO - process ingested knowledge for /app/data/T0015/224022/b0280is/universalinit-224022/src/universalinit/templates/solananextjs/src/components/Modal.tsx
2025-11-13 08:06:23,269 - Knowledge - INFO - process ingested knowledge for /app/data/T0015/224022/b0280is/universalinit-224022/src/universalinit/templates/vue/README.md
2025-11-13 08:06:23,370 - Knowledge - INFO - process ingested knowledge for /app/data/T0015/224022/b0280is/universalinit-224022/src/universalinit/templates/nativescript/App_Resources/Android/src/main/res/values/colors.xml
2025-11-13 08:06:23,435 - Knowledge - INFO - process ingested knowledge for /app/data/T0015/224022/b0280is/universalinit-224022/src/universalinit/templates/vite/eslint.config.mjs
2025-11-13 08:06:23,771 - Knowledge - INFO - process ingested knowledge for /app/data/T0015/224022/b0280is/universalinit-224022/src/universalinit/templates/nativescript/App_Resources/iOS/Assets.xcassets/LaunchScreen.Center.imageset/Contents.json
2025-11-13 08:06:24,039 - Knowledge - INFO - process ingested knowledge for /app/data/T0015/224022/b0280is/universalinit-224022/src/universalinit/templates/dotnet/appsettings.Development.json
2025-11-13 08:06:24,049 - Knowledge - INFO - process ingested knowledge for /app/data/T0015/224022/b0280is/universalinit-224022/src/universalinit/templates/lightningjs/docs/components_user_input.md
2025-11-13 08:06:24,050 - Knowledge - INFO - process ingested knowledge for /app/data/T0015/224022/b0280is/universalinit-224022/src/universalinit/templates/lightningjs/docs/built-in_layout.md
2025-11-13 08:06:24,052 - Knowledge - INFO - process ingested knowledge for /app/data/T0015/224022/b0280is/universalinit-224022/src/universalinit/templates/lightningjs/docs/router_hooks.md
2025-11-13 08:06:24,053 - Knowledge - INFO - [WEBSOCKET] Sent: Type=progress_update, Size: 272, Duration: 0ms
2025-11-13 08:06:24,188 - Knowledge - INFO - process ingested knowledge for /app/data/T0015/224022/b0280is/universalinit-224022/src/universalinit/templates/solananextjs/tsconfig.json
2025-11-13 08:06:24,355 - Knowledge - INFO - process ingested knowledge for /app/data/T0015/224022/b0280is/universalinit-224022/src/universalinit/templates/angular/package.json
2025-11-13 08:06:24,438 - Knowledge - INFO - process ingested knowledge for /app/data/T0015/224022/b0280is/universalinit-224022/src/universalinit/templates/nextjs/src/app/layout.tsx
2025-11-13 08:06:24,576 - Knowledge - INFO - process ingested knowledge for /app/data/T0015/224022/b0280is/universalinit-224022/src/universalinit/templates/qwik/src/routes/layout.tsx
2025-11-13 08:06:24,688 - Knowledge - INFO - process ingested knowledge for /app/data/T0015/224022/b0280is/universalinit-224022/src/universalinit/templates/flask/app/__init__.py
2025-11-13 08:06:24,800 - Knowledge - INFO - process ingested knowledge for /app/data/T0015/224022/b0280is/universalinit-224022/src/universalinit/templates/tizen/index.html
2025-11-13 08:06:24,887 - Knowledge - INFO - process ingested knowledge for /app/data/T0015/224022/b0280is/universalinit-224022/src/universalinit/templates/solananextjs/src/components/Button.tsx
2025-11-13 08:06:25,104 - Knowledge - INFO - process ingested knowledge for /app/data/T0015/224022/b0280is/universalinit-224022/src/universalinit/templates/vue/index.html
2025-11-13 08:06:25,181 - Knowledge - INFO - process ingested knowledge for /app/data/T0015/224022/b0280is/universalinit-224022/src/universalinit/templates/nativescript/App_Resources/Android/src/main/res/values/styles.xml
2025-11-13 08:06:25,252 - Knowledge - INFO - process ingested knowledge for /app/data/T0015/224022/b0280is/universalinit-224022/src/universalinit/templates/vite/index.html
2025-11-13 08:06:25,354 - Knowledge - INFO - process ingested knowledge for /app/data/T0015/224022/b0280is/universalinit-224022/src/universalinit/templates/nativescript/jsconfig.json
2025-11-13 08:06:25,422 - Knowledge - INFO - process ingested knowledge for /app/data/T0015/224022/b0280is/universalinit-224022/src/universalinit/templates/flask/run.py
2025-11-13 08:06:25,494 - Knowledge - INFO - process ingested knowledge for /app/data/T0015/224022/b0280is/universalinit-224022/src/universalinit/templates/lightningjs/docs/getting_started_intro.md
2025-11-13 08:06:25,602 - Knowledge - INFO - process ingested knowledge for /app/data/T0015/224022/b0280is/universalinit-224022/src/universalinit/templates/lightningjs/docs/plugins_text-to-speech-announcer.md
2025-11-13 08:06:25,708 - Knowledge - INFO - process ingested knowledge for /app/data/T0015/224022/b0280is/universalinit-224022/src/universalinit/templates/lightningjs/docs/plugins_theme.md
2025-11-13 08:06:25,826 - Knowledge - INFO - [LLM_CALL] Completed: startup.sh:chunk1, Duration: 5407ms, PromptTokens: 3226, CompletionTokens: 278, Cost: $0.00043
2025-11-13 08:06:25,910 - Knowledge - INFO - process ingested knowledge for /app/data/T0015/224022/b0280is/universalinit-224022/src/universalinit/templates/solananextjs/README.md
2025-11-13 08:06:25,992 - Knowledge - INFO - process ingested knowledge for /app/data/T0015/224022/b0280is/universalinit-224022/src/universalinit/templates/angular/angular.json
2025-11-13 08:06:26,079 - Knowledge - INFO - process ingested knowledge for /app/data/T0015/224022/b0280is/universalinit-224022/src/universalinit/templates/nextjs/src/app/not-found.tsx
2025-11-13 08:06:26,152 - Knowledge - INFO - process ingested knowledge for /app/data/T0015/224022/b0280is/universalinit-224022/src/universalinit/templates/qwik/src/routes/styles.css
2025-11-13 08:06:26,244 - Knowledge - INFO - process ingested knowledge for /app/data/T0015/224022/b0280is/universalinit-224022/src/universalinit/templates/flask/generate_openapi.py
2025-11-13 08:06:26,312 - Knowledge - INFO - process ingested knowledge for /app/data/T0015/224022/b0280is/universalinit-224022/src/universalinit/templates/tizen/vite.config.js
2025-11-13 08:06:26,386 - Knowledge - INFO - process ingested knowledge for /app/data/T0015/224022/b0280is/universalinit-224022/src/universalinit/templates/solananextjs/src/components/Card.tsx
2025-11-13 08:06:26,560 - Knowledge - INFO - process ingested knowledge for /app/data/T0015/224022/b0280is/universalinit-224022/src/universalinit/templates/nativescript/App_Resources/Android/src/main/res/values/ic_launcher_background.xml
2025-11-13 08:06:26,660 - Knowledge - INFO - process ingested knowledge for /app/data/T0015/224022/b0280is/universalinit-224022/src/universalinit/templates/vite/vite.config.js
2025-11-13 08:06:26,750 - Knowledge - INFO - process ingested knowledge for /app/data/T0015/224022/b0280is/universalinit-224022/src/universalinit/templates/qwik/src/global.css
2025-11-13 08:06:26,832 - Knowledge - INFO - process ingested knowledge for /app/data/T0015/224022/b0280is/universalinit-224022/src/universalinit/templates/flask/requirements.txt
2025-11-13 08:06:26,937 - Knowledge - INFO - process ingested knowledge for /app/data/T0015/224022/b0280is/universalinit-224022/src/universalinit/templates/lightningjs/docs/getting_started_file_structure.md
2025-11-13 08:06:27,018 - Knowledge - INFO - process ingested knowledge for /app/data/T0015/224022/b0280is/universalinit-224022/src/universalinit/templates/lightningjs/docs/built-in_for-loop.md
2025-11-13 08:06:27,094 - Knowledge - INFO - process ingested knowledge for /app/data/T0015/224022/b0280is/universalinit-224022/src/universalinit/templates/lightningjs/docs/components_utility_methods.md
2025-11-13 08:06:27,170 - Knowledge - INFO - done ingest for /app/data/T0015/224022/b0280is/universalinit-224022/src/universalinit/templates/mongodb/startup.sh
2025-11-13 08:06:27,172 - Knowledge - INFO - [LLM_CALL] Completed: _index.tsx:chunk1, Duration: 5803ms, PromptTokens: 5678, CompletionTokens: 202, Cost: $0.00065
2025-11-13 08:06:27,328 - Knowledge - INFO - process ingested knowledge for /app/data/T0015/224022/b0280is/universalinit-224022/src/universalinit/templates/solananextjs/eslint.config.mjs
2025-11-13 08:06:27,411 - Knowledge - INFO - process ingested knowledge for /app/data/T0015/224022/b0280is/universalinit-224022/src/universalinit/templates/angular/config.yml
2025-11-13 08:06:27,494 - Knowledge - INFO - process ingested knowledge for /app/data/T0015/224022/b0280is/universalinit-224022/src/universalinit/templates/nextjs/next.config.ts
2025-11-13 08:06:27,577 - Knowledge - INFO - process ingested knowledge for /app/data/T0015/224022/b0280is/universalinit-224022/src/universalinit/templates/qwik/src/components/router-head/router-head.tsx
2025-11-13 08:06:27,670 - Knowledge - INFO - process ingested knowledge for /app/data/T0015/224022/b0280is/universalinit-224022/src/universalinit/templates/kotlin/config.yml
2025-11-13 08:06:27,748 - Knowledge - INFO - process ingested knowledge for /app/data/T0015/224022/b0280is/universalinit-224022/src/universalinit/templates/angular/src/server.ts
2025-11-13 08:06:27,862 - Knowledge - INFO - process ingested knowledge for /app/data/T0015/224022/b0280is/universalinit-224022/src/universalinit/templates/solananextjs/src/app/page.tsx
2025-11-13 08:06:27,946 - Knowledge - INFO - process ingested knowledge for /app/data/T0015/224022/b0280is/universalinit-224022/src/universalinit/templates/nativescript/App_Resources/Android/src/main/res/drawable/ic_launcher_foreground.xml
2025-11-13 08:06:28,028 - Knowledge - INFO - process ingested knowledge for /app/data/T0015/224022/b0280is/universalinit-224022/src/universalinit/templates/postgresql/startup.sh
2025-11-13 08:06:28,149 - Knowledge - INFO - process ingested knowledge for /app/data/T0015/224022/b0280is/universalinit-224022/src/universalinit/templates/qwik/src/entry.dev.tsx
2025-11-13 08:06:28,253 - Knowledge - INFO - process ingested knowledge for /app/data/T0015/224022/b0280is/universalinit-224022/src/universalinit/templates/flask/config.yml
2025-11-13 08:06:28,376 - Knowledge - INFO - process ingested knowledge for /app/data/T0015/224022/b0280is/universalinit-224022/src/universalinit/templates/lightningjs/docs/getting_started_getting_started.md
2025-11-13 08:06:28,464 - Knowledge - INFO - process ingested knowledge for /app/data/T0015/224022/b0280is/universalinit-224022/src/universalinit/templates/lightningjs/docs/components_props.md
2025-11-13 08:06:28,581 - Knowledge - INFO - process ingested knowledge for /app/data/T0015/224022/b0280is/universalinit-224022/src/universalinit/templates/lightningjs/docs/essentials_template_syntax.md
2025-11-13 08:06:28,875 - Knowledge - INFO - done ingest for /app/data/T0015/224022/b0280is/universalinit-224022/src/universalinit/templates/remix/app/routes/_index.tsx
2025-11-13 08:06:28,876 - Knowledge - INFO - [kw2] Queue=110, InProgress=0, PendingWorkers=20/20, Completed=240/392 (61.2%)
2025-11-13 08:06:28,878 - Knowledge - INFO - [WEBSOCKET] Sent: Type=unknown, Size: ?, Duration: 4825ms
2025-11-13 08:06:28,962 - Knowledge - INFO - process ingested knowledge for /app/data/T0015/224022/b0280is/universalinit-224022/src/universalinit/templates/solananextjs/tailwind.config.js
2025-11-13 08:06:29,043 - Knowledge - INFO - process ingested knowledge for /app/data/T0015/224022/b0280is/universalinit-224022/src/universalinit/templates/angular/tsconfig.spec.json
2025-11-13 08:06:29,132 - Knowledge - INFO - process ingested knowledge for /app/data/T0015/224022/b0280is/universalinit-224022/src/universalinit/templates/nextjs/package.json
2025-11-13 08:06:29,223 - Knowledge - INFO - process ingested knowledge for /app/data/T0015/224022/b0280is/universalinit-224022/src/universalinit/templates/qwik/src/root.tsx
2025-11-13 08:06:29,331 - Knowledge - INFO - process ingested knowledge for /app/data/T0015/224022/b0280is/universalinit-224022/src/universalinit/templates/kotlin/init_script.sh
2025-11-13 08:06:29,418 - Knowledge - INFO - process ingested knowledge for /app/data/T0015/224022/b0280is/universalinit-224022/src/universalinit/templates/angular/src/main.ts
2025-11-13 08:06:29,488 - Knowledge - INFO - process ingested knowledge for /app/data/T0015/224022/b0280is/universalinit-224022/src/universalinit/templates/solananextjs/src/app/globals.css
2025-11-13 08:06:29,576 - Knowledge - INFO - process ingested knowledge for /app/data/T0015/224022/b0280is/universalinit-224022/src/universalinit/templates/nativescript/App_Resources/Android/src/main/res/values-v21/colors.xml
2025-11-13 08:06:29,662 - Knowledge - INFO - process ingested knowledge for /app/data/T0015/224022/b0280is/universalinit-224022/src/universalinit/templates/postgresql/config.yml
2025-11-13 08:06:29,770 - Knowledge - INFO - process ingested knowledge for /app/data/T0015/224022/b0280is/universalinit-224022/src/universalinit/templates/qwik/src/routes/index.tsx
2025-11-13 08:06:29,961 - Knowledge - INFO - process ingested knowledge for /app/data/T0015/224022/b0280is/universalinit-224022/src/universalinit/templates/lightningjs/docs/essentials_displaying_text.md
2025-11-13 08:06:30,048 - Knowledge - INFO - process ingested knowledge for /app/data/T0015/224022/b0280is/universalinit-224022/src/universalinit/templates/lightningjs/docs/components_lifecycle_events.md
2025-11-13 08:06:30,129 - Knowledge - INFO - process ingested knowledge for /app/data/T0015/224022/b0280is/universalinit-224022/src/universalinit/templates/lightningjs/docs/components_component_state.md
2025-11-13 08:06:30,394 - Knowledge - INFO - Batch sizing: calculated=12, max_allowed=25, queue=110, active_workers=20/20
2025-11-13 08:06:30,571 - Knowledge - INFO - Progress: 61.2% | Files: 240/392 | Rate: 2.72 files/sec | Queue: 110
2025-11-13 08:06:30,571 - Knowledge - INFO - done ingest for /app/data/T0015/224022/b0280is/universalinit-224022/src/universalinit/templates/mysql/startup.sh
2025-11-13 08:06:30,572 - Knowledge - INFO - [LLM_CALL] Completed: entry.server.tsx:chunk1, Duration: 11086ms, PromptTokens: 2670, CompletionTokens: 331, Cost: $0.00040
2025-11-13 08:06:30,694 - Knowledge - INFO - process ingested knowledge for /app/data/T0015/224022/b0280is/universalinit-224022/src/universalinit/templates/solananextjs/postcss.config.mjs
2025-11-13 08:06:30,766 - Knowledge - INFO - process ingested knowledge for /app/data/T0015/224022/b0280is/universalinit-224022/src/universalinit/templates/angular/tsconfig.json
2025-11-13 08:06:30,850 - Knowledge - INFO - process ingested knowledge for /app/data/T0015/224022/b0280is/universalinit-224022/src/universalinit/templates/nextjs/config.yml
2025-11-13 08:06:30,941 - Knowledge - INFO - process ingested knowledge for /app/data/T0015/224022/b0280is/universalinit-224022/src/universalinit/templates/qwik/src/entry.ssr.tsx
2025-11-13 08:06:31,028 - Knowledge - INFO - process ingested knowledge for /app/data/T0015/224022/b0280is/universalinit-224022/src/universalinit/templates/android/config.yml
2025-11-13 08:06:31,106 - Knowledge - INFO - process ingested knowledge for /app/data/T0015/224022/b0280is/universalinit-224022/src/universalinit/templates/angular/src/app/app.component.spec.ts
2025-11-13 08:06:31,217 - Knowledge - INFO - process ingested knowledge for /app/data/T0015/224022/b0280is/universalinit-224022/src/universalinit/templates/solananextjs/src/app/providers.tsx
2025-11-13 08:06:31,667 - Knowledge - INFO - process ingested knowledge for /app/data/T0015/224022/b0280is/universalinit-224022/src/universalinit/templates/lightningjs/docs/plugins_global_app_state.md
2025-11-13 08:06:31,795 - Knowledge - INFO - process ingested knowledge for /app/data/T0015/224022/b0280is/universalinit-224022/src/universalinit/templates/lightningjs/docs/components_methods.md
2025-11-13 08:06:31,796 - Knowledge - INFO - process ingested knowledge for /app/data/T0015/224022/b0280is/universalinit-224022/src/universalinit/templates/lightningjs/docs/essentials_components.md
2025-11-13 08:06:32,029 - Knowledge - INFO - [kw1] Queue=98, InProgress=0, PendingWorkers=20/20, Completed=240/392 (61.2%)
2025-11-13 08:06:32,040 - Knowledge - INFO - done ingest for /app/data/T0015/224022/b0280is/universalinit-224022/src/universalinit/templates/remix/app/entry.server.tsx
2025-11-13 08:06:32,042 - Knowledge - INFO - Async storing batch of 15 embeddings
2025-11-13 08:06:32,274 - Knowledge - INFO - process ingested knowledge for /app/data/T0015/224022/b0280is/universalinit-224022/src/universalinit/templates/tizen/src/App.css
2025-11-13 08:06:32,343 - Knowledge - INFO - process ingested knowledge for /app/data/T0015/224022/b0280is/universalinit-224022/src/universalinit/templates/angular/README.md
2025-11-13 08:06:32,400 - Knowledge - INFO - [kw4] Queue=98, InProgress=0, PendingWorkers=20/20, Completed=244/392 (62.2%)
2025-11-13 08:06:32,400 - Knowledge - INFO - [kw15] Queue=98, InProgress=0, PendingWorkers=20/20, Completed=244/392 (62.2%)
2025-11-13 08:06:32,466 - Knowledge - INFO - process ingested knowledge for /app/data/T0015/224022/b0280is/universalinit-224022/src/universalinit/templates/qwik/src/entry.preview.tsx
2025-11-13 08:06:32,467 - Knowledge - INFO - process ingested knowledge for /app/data/T0015/224022/b0280is/universalinit-224022/src/universalinit/templates/nextjs/tsconfig.json
2025-11-13 08:06:32,597 - Knowledge - INFO - process ingested knowledge for /app/data/T0015/224022/b0280is/universalinit-224022/src/universalinit/templates/android/init_script.sh
2025-11-13 08:06:32,655 - Knowledge - INFO - process ingested knowledge for /app/data/T0015/224022/b0280is/universalinit-224022/src/universalinit/templates/angular/src/app/app.config.ts
2025-11-13 08:06:32,782 - Knowledge - INFO - process ingested knowledge for /app/data/T0015/224022/b0280is/universalinit-224022/src/universalinit/templates/solananextjs/src/app/layout.tsx
2025-11-13 08:06:33,005 - Knowledge - INFO - process ingested knowledge for /app/data/T0015/224022/b0280is/universalinit-224022/src/universalinit/templates/lightningjs/docs/components_computed_properties.md
2025-11-13 08:06:33,006 - Knowledge - INFO - process ingested knowledge for /app/data/T0015/224022/b0280is/universalinit-224022/src/universalinit/templates/lightningjs/docs/built-in_directives.md
2025-11-13 08:06:33,006 - Knowledge - INFO - process ingested knowledge for /app/data/T0015/224022/b0280is/universalinit-224022/src/universalinit/templates/lightningjs/README.md
2025-11-13 08:06:33,012 - Knowledge - INFO - Batch sizing: calculated=10, max_allowed=25, queue=98, active_workers=20/20
2025-11-13 08:06:33,174 - Knowledge - INFO - Worker kw2 processing /app/data/T0015/224022/b0280is/universalinit-224022/src/universalinit/templates/remix/vite.config.ts
2025-11-13 08:06:33,329 - Knowledge - INFO - process ingested knowledge for /app/data/T0015/224022/b0280is/universalinit-224022/src/universalinit/templates/tizen/src/main.jsx
2025-11-13 08:06:33,417 - Knowledge - INFO - Batch sizing: calculated=10, max_allowed=25, queue=98, active_workers=20/20
2025-11-13 08:06:33,456 - Knowledge - INFO - process ingested knowledge for /app/data/T0015/224022/b0280is/universalinit-224022/src/universalinit/templates/angular/eslint.config.mjs
2025-11-13 08:06:33,459 - Knowledge - INFO - Processing batch of 15 files
2025-11-13 08:06:33,487 - Knowledge - INFO - Batch sizing: calculated=10, max_allowed=25, queue=98, active_workers=20/20
2025-11-13 08:06:33,721 - Knowledge - INFO - process ingested knowledge for /app/data/T0015/224022/b0280is/universalinit-224022/src/universalinit/templates/qwik/package.json
2025-11-13 08:06:33,722 - Knowledge - INFO - process ingested knowledge for /app/data/T0015/224022/b0280is/universalinit-224022/src/universalinit/templates/nextjs/README.md
2025-11-13 08:06:33,914 - Knowledge - INFO - process ingested knowledge for /app/data/T0015/224022/b0280is/universalinit-224022/src/universalinit/templates/lightningjs/src/pages/Home.js
2025-11-13 08:06:33,915 - Knowledge - INFO - process ingested knowledge for /app/data/T0015/224022/b0280is/universalinit-224022/src/universalinit/templates/angular/src/app/app.routes.ts
2025-11-13 08:06:33,973 - Knowledge - INFO - [WEBSOCKET] Sent: Type=progress_update, Size: 273, Duration: 0ms
2025-11-13 08:06:33,973 - Knowledge - INFO - process ingested knowledge for /app/data/T0015/224022/b0280is/universalinit-224022/src/universalinit/templates/solananextjs/src/app/not-found.tsx
2025-11-13 08:06:34,040 - Knowledge - INFO - process ingested knowledge for /app/data/T0015/224022/b0280is/universalinit-224022/src/universalinit/templates/lightningjs/docs/essentials_element_attributes.md
2025-11-13 08:06:34,105 - Knowledge - INFO - process ingested knowledge for /app/data/T0015/224022/b0280is/universalinit-224022/src/universalinit/templates/lightningjs/docs/router_basics.md
2025-11-13 08:06:34,178 - Knowledge - INFO - process ingested knowledge for /app/data/T0015/224022/b0280is/universalinit-224022/src/universalinit/templates/lightningjs/index.html
2025-11-13 08:06:34,376 - Knowledge - INFO - Fast-tracked /app/data/T0015/224022/b0280is/universalinit-224022/src/universalinit/templates/remix/vite.config.ts (ext=.ts, size=743)
2025-11-13 08:06:34,486 - Knowledge - INFO - process ingested knowledge for /app/data/T0015/224022/b0280is/universalinit-224022/src/universalinit/templates/tizen/src/hooks/useTizenKeys.js
2025-11-13 08:06:34,634 - Knowledge - INFO - process ingested knowledge for /app/data/T0015/224022/b0280is/universalinit-224022/src/universalinit/templates/express/src/services/health.js
2025-11-13 08:06:34,731 - Knowledge - INFO - process ingested knowledge for /app/data/T0015/224022/b0280is/universalinit-224022/src/universalinit/templates/express/package.json
2025-11-13 08:06:34,878 - Knowledge - INFO - process ingested knowledge for /app/data/T0015/224022/b0280is/universalinit-224022/src/universalinit/templates/qwik/qwik.env.d.ts
2025-11-13 08:06:34,990 - Knowledge - INFO - process ingested knowledge for /app/data/T0015/224022/b0280is/universalinit-224022/src/universalinit/templates/nextjs/eslint.config.mjs
2025-11-13 08:06:35,063 - Knowledge - INFO - process ingested knowledge for /app/data/T0015/224022/b0280is/universalinit-224022/src/universalinit/templates/lightningjs/src/App.js
2025-11-13 08:06:35,166 - Knowledge - INFO - process ingested knowledge for /app/data/T0015/224022/b0280is/universalinit-224022/src/universalinit/templates/angular/src/app/app.component.css
2025-11-13 08:06:35,258 - Knowledge - INFO - Async storing batch of 15 embeddings
2025-11-13 08:06:35,258 - Knowledge - INFO - Async storing batch of 12 embeddings
2025-11-13 08:06:35,259 - Knowledge - INFO - Async storing batch of 15 embeddings
2025-11-13 08:06:35,259 - Knowledge - INFO - [WEBSOCKET] Sent: Type=unknown, Size: ?, Duration: 1286ms
2025-11-13 08:06:35,339 - Knowledge - INFO - process ingested knowledge for /app/data/T0015/224022/b0280is/universalinit-224022/src/universalinit/templates/solananextjs/src/types/global.d.ts
2025-11-13 08:06:35,446 - Knowledge - INFO - process ingested knowledge for /app/data/T0015/224022/b0280is/universalinit-224022/src/universalinit/templates/lightningjs/docs/components_watchers.md
2025-11-13 08:06:35,599 - Knowledge - INFO - process ingested knowledge for /app/data/T0015/224022/b0280is/universalinit-224022/src/universalinit/templates/lightningjs/vite.config.js
2025-11-13 08:06:35,687 - Knowledge - INFO - Worker kw2 processing /app/data/T0015/224022/b0280is/universalinit-224022/src/universalinit/templates/remix/tsconfig.json
2025-11-13 08:06:35,764 - Knowledge - INFO - process ingested knowledge for /app/data/T0015/224022/b0280is/universalinit-224022/src/universalinit/templates/tizen/src/App.jsx
2025-11-13 08:06:35,850 - Knowledge - INFO - process ingested knowledge for /app/data/T0015/224022/b0280is/universalinit-224022/src/universalinit/templates/express/src/app.js
2025-11-13 08:06:35,936 - Knowledge - INFO - process ingested knowledge for /app/data/T0015/224022/b0280is/universalinit-224022/src/universalinit/templates/express/config.yml
2025-11-13 08:06:36,028 - Knowledge - INFO - process ingested knowledge for /app/data/T0015/224022/b0280is/universalinit-224022/src/universalinit/templates/qwik/config.yml
2025-11-13 08:06:36,123 - Knowledge - INFO - process ingested knowledge for /app/data/T0015/224022/b0280is/universalinit-224022/src/universalinit/templates/nextjs/postcss.config.mjs
2025-11-13 08:06:36,211 - Knowledge - INFO - process ingested knowledge for /app/data/T0015/224022/b0280is/universalinit-224022/src/universalinit/templates/lightningjs/src/components/Loader.js
2025-11-13 08:06:36,297 - Knowledge - INFO - process ingested knowledge for /app/data/T0015/224022/b0280is/universalinit-224022/src/universalinit/templates/angular/src/app/app.component.html
2025-11-13 08:06:36,330 - Knowledge - INFO - Worker kw1 processing /app/data/T0015/224022/b0280is/universalinit-224022/src/universalinit/templates/remotion/src/index.ts
2025-11-13 08:06:36,409 - Knowledge - INFO - Worker kw15 processing /app/data/T0015/224022/b0280is/universalinit-224022/src/universalinit/templates/django/config/asgi.py
2025-11-13 08:06:36,496 - Knowledge - INFO - Worker kw4 processing /app/data/T0015/224022/b0280is/universalinit-224022/src/universalinit/templates/django/api/tests.py
2025-11-13 08:06:36,571 - Knowledge - INFO - Progress: 66.8% | Files: 263/392 | Rate: 2.68 files/sec | Queue: 68
2025-11-13 08:06:36,572 - Knowledge - INFO - [kw6] Queue=68, InProgress=0, PendingWorkers=20/20, Completed=263/392 (67.1%)
2025-11-13 08:06:36,573 - Knowledge - INFO - [kw7] Queue=68, InProgress=0, PendingWorkers=20/20, Completed=263/392 (67.1%)
2025-11-13 08:06:36,574 - Knowledge - INFO - [kw17] Queue=68, InProgress=0, PendingWorkers=20/20, Completed=264/392 (67.3%)
2025-11-13 08:06:36,587 - Knowledge - INFO - Processing batch of 12 files
2025-11-13 08:06:36,673 - Knowledge - INFO - process ingested knowledge for /app/data/T0015/224022/b0280is/universalinit-224022/src/universalinit/templates/solananextjs/src/lib/storage.ts
2025-11-13 08:06:36,836 - Knowledge - INFO - process ingested knowledge for /app/data/T0015/224022/b0280is/universalinit-224022/src/universalinit/templates/astro/package.json
2025-11-13 08:06:36,911 - Knowledge - INFO - Fast-tracked /app/data/T0015/224022/b0280is/universalinit-224022/src/universalinit/templates/remix/tsconfig.json (ext=.json, size=734)
2025-11-13 08:06:37,107 - Knowledge - INFO - process ingested knowledge for /app/data/T0015/224022/b0280is/universalinit-224022/src/universalinit/templates/tizen/src/index.css
2025-11-13 08:06:37,113 - Knowledge - INFO - process ingested knowledge for /app/data/T0015/224022/b0280is/universalinit-224022/src/universalinit/templates/express/src/routes/index.js
2025-11-13 08:06:37,584 - Knowledge - INFO - process ingested knowledge for /app/data/T0015/224022/b0280is/universalinit-224022/src/universalinit/templates/express/eslint.config.js
2025-11-13 08:06:37,584 - Knowledge - INFO - process ingested knowledge for /app/data/T0015/224022/b0280is/universalinit-224022/src/universalinit/templates/qwik/vite.config.ts
2025-11-13 08:06:37,599 - Knowledge - INFO - [LLM_CALL] Completed: cli.py:chunk1, Duration: 47930ms, PromptTokens: 6787, CompletionTokens: 674, Cost: $0.00095
2025-11-13 08:06:37,673 - Knowledge - INFO - process ingested knowledge for /app/data/T0015/224022/b0280is/universalinit-224022/src/universalinit/templates/sqlite/init_db.py
2025-11-13 08:06:37,750 - Knowledge - INFO - process ingested knowledge for /app/data/T0015/224022/b0280is/universalinit-224022/src/universalinit/templates/lightningjs/src/components/Button.js
2025-11-13 08:06:37,842 - Knowledge - INFO - process ingested knowledge for /app/data/T0015/224022/b0280is/universalinit-224022/src/universalinit/templates/angular/src/app/app.component.ts
2025-11-13 08:06:37,936 - Knowledge - INFO - Fast-tracked /app/data/T0015/224022/b0280is/universalinit-224022/src/universalinit/templates/remotion/src/index.ts (ext=.ts, size=228)
2025-11-13 08:06:38,022 - Knowledge - INFO - Fast-tracked /app/data/T0015/224022/b0280is/universalinit-224022/src/universalinit/templates/django/config/asgi.py (ext=.py, size=389)
2025-11-13 08:06:38,134 - Knowledge - INFO - Fast-tracked /app/data/T0015/224022/b0280is/universalinit-224022/src/universalinit/templates/django/api/tests.py (ext=.py, size=360)
2025-11-13 08:06:38,259 - Knowledge - INFO - [kw5] Queue=68, InProgress=0, PendingWorkers=20/20, Completed=267/392 (68.1%)
2025-11-13 08:06:38,283 - Knowledge - INFO - Batch sizing: calculated=10, max_allowed=25, queue=68, active_workers=20/20
2025-11-13 08:06:38,366 - Knowledge - INFO - Batch sizing: calculated=10, max_allowed=25, queue=68, active_workers=20/20
2025-11-13 08:06:38,479 - Knowledge - INFO - Batch sizing: calculated=10, max_allowed=25, queue=68, active_workers=20/20
2025-11-13 08:06:38,562 - Knowledge - INFO - process ingested knowledge for /app/data/T0015/224022/b0280is/universalinit-224022/src/universalinit/templates/astro/tsconfig.json
2025-11-13 08:06:38,649 - Knowledge - INFO - process ingested knowledge for /app/data/T0015/224022/b0280is/universalinit-224022/src/universalinit/templates/solananextjs/src/lib/types.ts
2025-11-13 08:06:38,734 - Knowledge - INFO - process ingested knowledge for /app/data/T0015/224022/b0280is/universalinit-224022/src/universalinit/templates/astro/config.yml
2025-11-13 08:06:38,844 - Knowledge - INFO - Worker kw2 processing /app/data/T0015/224022/b0280is/universalinit-224022/src/universalinit/templates/remix/tailwind.config.ts
2025-11-13 08:06:38,924 - Knowledge - INFO - process ingested knowledge for /app/data/T0015/224022/b0280is/universalinit-224022/src/universalinit/templates/tizen/package.json
2025-11-13 08:06:38,991 - Knowledge - INFO - process ingested knowledge for /app/data/T0015/224022/b0280is/universalinit-224022/src/universalinit/templates/express/src/server.js
2025-11-13 08:06:39,071 - Knowledge - INFO - process ingested knowledge for /app/data/T0015/224022/b0280is/universalinit-224022/src/universalinit/templates/express/generate_openapi.js
2025-11-13 08:06:39,155 - Knowledge - INFO - process ingested knowledge for /app/data/T0015/224022/b0280is/universalinit-224022/src/universalinit/templates/qwik/tsconfig.json
2025-11-13 08:06:39,251 - Knowledge - ERROR - Failed to parse LLM response as JSON for /app/data/T0015/224022/b0280is/universalinit-224022/src/universalinit/cli.py, chunk 1
2025-11-13 08:06:39,252 - Knowledge - INFO - [kw18] Queue=68, InProgress=0, PendingWorkers=20/20, Completed=267/392 (68.1%)
2025-11-13 08:06:39,336 - Knowledge - INFO - process ingested knowledge for /app/data/T0015/224022/b0280is/universalinit-224022/src/universalinit/templates/sqlite/db_shell.py
2025-11-13 08:06:39,427 - Knowledge - INFO - process ingested knowledge for /app/data/T0015/224022/b0280is/universalinit-224022/src/universalinit/templates/lightningjs/src/index.js
2025-11-13 08:06:39,517 - Knowledge - INFO - process ingested knowledge for /app/data/T0015/224022/b0280is/universalinit-224022/src/universalinit/templates/angular/src/app/app.config.server.ts
2025-11-13 08:06:39,633 - Knowledge - INFO - Worker kw1 processing /app/data/T0015/224022/b0280is/universalinit-224022/src/universalinit/templates/remotion/package.json
2025-11-13 08:06:39,712 - Knowledge - INFO - Worker kw15 processing /app/data/T0015/224022/b0280is/universalinit-224022/src/universalinit/templates/svelte/src/app.css
2025-11-13 08:06:39,794 - Knowledge - INFO - Worker kw4 processing /app/data/T0015/224022/b0280is/universalinit-224022/src/universalinit/templates/django/api/views.py
2025-11-13 08:06:39,875 - Knowledge - INFO - Batch sizing: calculated=10, max_allowed=25, queue=68, active_workers=20/20
2025-11-13 08:06:39,963 - Knowledge - INFO - Async storing batch of 15 embeddings
2025-11-13 08:06:40,044 - Knowledge - INFO - Async storing batch of 15 embeddings
2025-11-13 08:06:40,125 - Knowledge - INFO - Async storing batch of 12 embeddings
2025-11-13 08:06:40,204 - Knowledge - INFO - process ingested knowledge for /app/data/T0015/224022/b0280is/universalinit-224022/src/universalinit/templates/astro/astro.config.mjs
2025-11-13 08:06:40,278 - Knowledge - INFO - process ingested knowledge for /app/data/T0015/224022/b0280is/universalinit-224022/src/universalinit/templates/solananextjs/src/lib/utils.ts
2025-11-13 08:06:40,457 - Knowledge - INFO - Fast-tracked /app/data/T0015/224022/b0280is/universalinit-224022/src/universalinit/templates/remix/tailwind.config.ts (ext=.ts, size=467)
2025-11-13 08:06:40,583 - Knowledge - INFO - process ingested knowledge for /app/data/T0015/224022/b0280is/universalinit-224022/src/universalinit/templates/tizen/config.yml
2025-11-13 08:06:40,654 - Knowledge - INFO - process ingested knowledge for /app/data/T0015/224022/b0280is/universalinit-224022/src/universalinit/templates/express/src/middleware/index.js
2025-11-13 08:06:40,830 - Knowledge - INFO - process ingested knowledge for /app/data/T0015/224022/b0280is/universalinit-224022/src/universalinit/templates/express/swagger.js
2025-11-13 08:06:40,901 - Knowledge - INFO - process ingested knowledge for /app/data/T0015/224022/b0280is/universalinit-224022/src/universalinit/templates/qwik/README.md
2025-11-13 08:06:40,932 - Knowledge - INFO - done ingest for /app/data/T0015/224022/b0280is/universalinit-224022/src/universalinit/cli.py
2025-11-13 08:06:41,014 - Knowledge - INFO - Batch sizing: calculated=10, max_allowed=25, queue=68, active_workers=20/20
2025-11-13 08:06:41,150 - Knowledge - INFO - process ingested knowledge for /app/data/T0015/224022/b0280is/universalinit-224022/src/universalinit/templates/sqlite/test_db.py
2025-11-13 08:06:41,384 - Knowledge - INFO - process ingested knowledge for /app/data/T0015/224022/b0280is/universalinit-224022/src/universalinit/templates/angular/src/styles.css
2025-11-13 08:06:41,408 - Knowledge - INFO - Fast-tracked /app/data/T0015/224022/b0280is/universalinit-224022/src/universalinit/templates/remotion/package.json (ext=.json, size=795)
2025-11-13 08:06:41,449 - Knowledge - INFO - [kw19] Queue=38, InProgress=0, PendingWorkers=20/20, Completed=267/392 (68.1%)
2025-11-13 08:06:41,494 - Knowledge - INFO - Fast-tracked /app/data/T0015/224022/b0280is/universalinit-224022/src/universalinit/templates/svelte/src/app.css (ext=.css, size=364)
2025-11-13 08:06:41,604 - Knowledge - INFO - Fast-tracked /app/data/T0015/224022/b0280is/universalinit-224022/src/universalinit/templates/django/api/views.py (ext=.py, size=183)
2025-11-13 08:06:41,765 - Knowledge - INFO - Async storing batch of 15 embeddings
2025-11-13 08:06:41,813 - Knowledge - INFO - Worker kw6 processing /app/data/T0015/224022/b0280is/universalinit-224022/src/universalinit/templates/svelte/vite.config.ts
2025-11-13 08:06:41,925 - Knowledge - INFO - Worker kw7 processing /app/data/T0015/224022/b0280is/universalinit-224022/src/universalinit/templates/typescript/src/style.css
2025-11-13 08:06:42,027 - Knowledge - INFO - Worker kw17 processing /app/data/T0015/224022/b0280is/universalinit-224022/src/universalinit/templates/native/src/mainApp.cpp
2025-11-13 08:06:42,104 - Knowledge - INFO - process ingested knowledge for /app/data/T0015/224022/b0280is/universalinit-224022/src/universalinit/templates/astro/README.md
2025-11-13 08:06:42,193 - Knowledge - INFO - process ingested knowledge for /app/data/T0015/224022/b0280is/universalinit-224022/src/universalinit/templates/solananextjs/src/lib/solana.ts
2025-11-13 08:06:42,280 - Knowledge - INFO - Worker kw2 processing /app/data/T0015/224022/b0280is/universalinit-224022/src/universalinit/templates/remix/README.md
2025-11-13 08:06:42,289 - Knowledge - INFO - [kw16] Queue=28, InProgress=0, PendingWorkers=20/20, Completed=267/392 (68.1%)
2025-11-13 08:06:42,370 - Knowledge - INFO - process ingested knowledge for /app/data/T0015/224022/b0280is/universalinit-224022/src/universalinit/templates/tizen/eslint.config.js
2025-11-13 08:06:42,472 - Knowledge - INFO - process ingested knowledge for /app/data/T0015/224022/b0280is/universalinit-224022/src/universalinit/templates/express/src/controllers/health.js
2025-11-13 08:06:42,582 - Knowledge - INFO - process ingested knowledge for /app/data/T0015/224022/b0280is/universalinit-224022/src/universalinit/templates/mongodb/startup.sh
2025-11-13 08:06:42,673 - Knowledge - INFO - process ingested knowledge for /app/data/T0015/224022/b0280is/universalinit-224022/src/universalinit/templates/qwik/public/manifest.json
2025-11-13 08:06:42,797 - Knowledge - INFO - Processing batch of 15 files
2025-11-13 08:06:42,857 - Knowledge - INFO - Async storing batch of 12 embeddings
2025-11-13 08:06:42,936 - Knowledge - INFO - process ingested knowledge for /app/data/T0015/224022/b0280is/universalinit-224022/src/universalinit/templates/sqlite/config.yml
2025-11-13 08:06:43,008 - Knowledge - INFO - process ingested knowledge for /app/data/T0015/224022/b0280is/universalinit-224022/src/universalinit/templates/angular/src/index.html
2025-11-13 08:06:43,077 - Knowledge - INFO - Worker kw1 processing /app/data/T0015/224022/b0280is/universalinit-224022/src/universalinit/templates/remotion/remotion.config.ts
2025-11-13 08:06:43,160 - Knowledge - INFO - Batch sizing: calculated=10, max_allowed=25, queue=38, active_workers=20/20
2025-11-13 08:06:43,241 - Knowledge - INFO - Worker kw15 processing /app/data/T0015/224022/b0280is/universalinit-224022/src/universalinit/templates/svelte/src/app.d.ts
2025-11-13 08:06:43,314 - Knowledge - INFO - Worker kw4 processing /app/data/T0015/224022/b0280is/universalinit-224022/src/universalinit/templates/django/api/management/commands/generate_openapi.py
2025-11-13 08:06:43,395 - Knowledge - INFO - Worker kw5 processing /app/data/T0015/224022/b0280is/universalinit-224022/src/universalinit/templates/slidev/vercel.json
2025-11-13 08:06:43,500 - Knowledge - INFO - Fast-tracked /app/data/T0015/224022/b0280is/universalinit-224022/src/universalinit/templates/svelte/vite.config.ts (ext=.ts, size=1090)
2025-11-13 08:06:43,587 - Knowledge - INFO - Fast-tracked /app/data/T0015/224022/b0280is/universalinit-224022/src/universalinit/templates/typescript/src/style.css (ext=.css, size=1523)
2025-11-13 08:06:43,688 - Knowledge - INFO - Fast-tracked /app/data/T0015/224022/b0280is/universalinit-224022/src/universalinit/templates/native/src/mainApp.cpp (ext=.cpp, size=906)
2025-11-13 08:06:43,760 - Knowledge - INFO - process ingested knowledge for /app/data/T0015/224022/b0280is/universalinit-224022/src/universalinit/templates/astro/eslint.config.mjs
2025-11-13 08:06:43,878 - Knowledge - INFO - process ingested knowledge for /app/data/T0015/224022/b0280is/universalinit-224022/src/universalinit/templates/solananextjs/next.config.ts
2025-11-13 08:06:43,957 - Knowledge - INFO - Fast-tracked /app/data/T0015/224022/b0280is/universalinit-224022/src/universalinit/templates/remix/README.md (ext=.md, size=801)
2025-11-13 08:06:44,051 - Knowledge - INFO - Batch sizing: calculated=10, max_allowed=25, queue=28, active_workers=20/20
2025-11-13 08:06:44,132 - Knowledge - INFO - process ingested knowledge for /app/data/T0015/224022/b0280is/universalinit-224022/src/universalinit/templates/tizen/config.xml
2025-11-13 08:06:44,225 - Knowledge - INFO - process ingested knowledge for /app/data/T0015/224022/b0280is/universalinit-224022/src/universalinit/templates/express/nodemon.json
2025-11-13 08:06:44,300 - Knowledge - INFO - process ingested knowledge for /app/data/T0015/224022/b0280is/universalinit-224022/src/universalinit/templates/mongodb/config.yml
2025-11-13 08:06:44,386 - Knowledge - INFO - process ingested knowledge for /app/data/T0015/224022/b0280is/universalinit-224022/src/universalinit/templates/nextjs/src/app/page.tsx
2025-11-13 08:06:44,469 - Knowledge - INFO - process ingested knowledge for /app/data/T0015/224022/b0280is/universalinit-224022/test/test_mysql_template.py
2025-11-13 08:06:44,567 - Knowledge - INFO - Worker kw18 processing /app/data/T0015/224022/b0280is/universalinit-224022/src/universalinit/templates/nuxt/README.md
2025-11-13 08:06:44,635 - Knowledge - INFO - process ingested knowledge for /app/data/T0015/224022/b0280is/universalinit-224022/src/universalinit/templates/solananextjs/src/components/WalletConnect.tsx
2025-11-13 08:06:44,707 - Knowledge - INFO - process ingested knowledge for /app/data/T0015/224022/b0280is/universalinit-224022/src/universalinit/templates/angular/src/main.server.ts
2025-11-13 08:06:44,793 - Knowledge - INFO - Fast-tracked /app/data/T0015/224022/b0280is/universalinit-224022/src/universalinit/templates/remotion/remotion.config.ts (ext=.ts, size=376)
2025-11-13 08:06:44,864 - Knowledge - INFO - Async storing batch of 12 embeddings
2025-11-13 08:06:44,985 - Knowledge - INFO - Fast-tracked /app/data/T0015/224022/b0280is/universalinit-224022/src/universalinit/templates/svelte/src/app.d.ts (ext=.ts, size=274)
2025-11-13 08:06:45,074 - Knowledge - INFO - Fast-tracked /app/data/T0015/224022/b0280is/universalinit-224022/src/universalinit/templates/django/api/management/commands/generate_openapi.py (ext=.py, size=1138)
2025-11-13 08:06:45,151 - Knowledge - INFO - Fast-tracked /app/data/T0015/224022/b0280is/universalinit-224022/src/universalinit/templates/slidev/vercel.json (ext=.json, size=144)
2025-11-13 08:06:45,234 - Knowledge - INFO - Worker kw6 processing /app/data/T0015/224022/b0280is/universalinit-224022/src/universalinit/templates/svelte/tsconfig.json
2025-11-13 08:06:45,319 - Knowledge - INFO - Worker kw7 processing /app/data/T0015/224022/b0280is/universalinit-224022/src/universalinit/templates/typescript/src/main.ts
2025-11-13 08:06:45,398 - Knowledge - INFO - Worker kw17 processing /app/data/T0015/224022/b0280is/universalinit-224022/src/universalinit/templates/native/include/mainApp.h
2025-11-13 08:06:45,497 - Knowledge - INFO - process ingested knowledge for /app/data/T0015/224022/b0280is/universalinit-224022/src/universalinit/templates/remix/package.json
2025-11-13 08:06:45,590 - Knowledge - INFO - process ingested knowledge for /app/data/T0015/224022/b0280is/universalinit-224022/src/universalinit/templates/solananextjs/package.json
2025-11-13 08:06:45,674 - Knowledge - INFO - Worker kw2 processing /app/data/T0015/224022/b0280is/universalinit-224022/src/universalinit/templates/remotion/src/HelloWorld/constants.ts
2025-11-13 08:06:45,756 - Knowledge - INFO - Async storing batch of 12 embeddings
2025-11-13 08:06:46,033 - Knowledge - INFO - process ingested knowledge for /app/data/T0015/224022/b0280is/universalinit-224022/src/universalinit/templates/mysql/startup.sh
2025-11-13 08:06:46,206 - Knowledge - INFO - process ingested knowledge for /app/data/T0015/224022/b0280is/universalinit-224022/test/test_mongodb_template.py
2025-11-13 08:06:46,225 - Knowledge - INFO - Fast-tracked /app/data/T0015/224022/b0280is/universalinit-224022/src/universalinit/templates/nuxt/README.md (ext=.md, size=822)
2025-11-13 08:06:46,464 - Knowledge - INFO - Worker kw1 processing /app/data/T0015/224022/b0280is/universalinit-224022/src/universalinit/templates/remotion/config.yml
2025-11-13 08:06:46,548 - Knowledge - INFO - Worker kw19 processing /app/data/T0015/224022/b0280is/universalinit-224022/src/universalinit/templates/react/config.yml
2025-11-13 08:06:46,621 - Knowledge - INFO - Worker kw15 processing /app/data/T0015/224022/b0280is/universalinit-224022/src/universalinit/templates/svelte/src/app.html
2025-11-13 08:06:46,732 - Knowledge - INFO - Worker kw4 processing /app/data/T0015/224022/b0280is/universalinit-224022/src/universalinit/templates/django/api/urls.py
2025-11-13 08:06:46,817 - Knowledge - INFO - Worker kw5 processing /app/data/T0015/224022/b0280is/universalinit-224022/src/universalinit/templates/slidev/netlify.toml
2025-11-13 08:06:46,895 - Knowledge - INFO - Fast-tracked /app/data/T0015/224022/b0280is/universalinit-224022/src/universalinit/templates/svelte/tsconfig.json (ext=.json, size=649)
2025-11-13 08:06:46,971 - Knowledge - INFO - Fast-tracked /app/data/T0015/224022/b0280is/universalinit-224022/src/universalinit/templates/typescript/src/main.ts (ext=.ts, size=781)
2025-11-13 08:06:47,083 - Knowledge - INFO - Fast-tracked /app/data/T0015/224022/b0280is/universalinit-224022/src/universalinit/templates/native/include/mainApp.h (ext=.h, size=211)
2025-11-13 08:06:47,323 - Knowledge - INFO - Fast-tracked /app/data/T0015/224022/b0280is/universalinit-224022/src/universalinit/templates/remotion/src/HelloWorld/constants.ts (ext=.ts, size=158)
2025-11-13 08:06:47,429 - Knowledge - INFO - process ingested knowledge for /app/data/T0015/224022/b0280is/universalinit-224022/src/universalinit/templates/remix/config.yml
2025-11-13 08:06:47,444 - Knowledge - INFO - Worker kw16 processing /app/data/T0015/224022/b0280is/universalinit-224022/reactnative/app.json
2025-11-13 08:06:47,729 - Knowledge - INFO - Worker kw18 processing /app/data/T0015/224022/b0280is/universalinit-224022/src/universalinit/templates/nuxt/eslint.config.mjs
2025-11-13 08:06:47,734 - Knowledge - INFO - process ingested knowledge for /app/data/T0015/224022/b0280is/universalinit-224022/src/universalinit/templates/mysql/config.yml
2025-11-13 08:06:47,800 - Knowledge - INFO - process ingested knowledge for /app/data/T0015/224022/b0280is/universalinit-224022/test/test_dotnet_template.py
2025-11-13 08:06:47,832 - Knowledge - INFO - Fast-tracked /app/data/T0015/224022/b0280is/universalinit-224022/src/universalinit/templates/remotion/config.yml (ext=.yml, size=1041)
2025-11-13 08:06:47,943 - Knowledge - INFO - Fast-tracked /app/data/T0015/224022/b0280is/universalinit-224022/src/universalinit/templates/react/config.yml (ext=.yml, size=958)
2025-11-13 08:06:48,010 - Knowledge - INFO - Fast-tracked /app/data/T0015/224022/b0280is/universalinit-224022/src/universalinit/templates/svelte/src/app.html (ext=.html, size=260)
2025-11-13 08:06:48,090 - Knowledge - INFO - Fast-tracked /app/data/T0015/224022/b0280is/universalinit-224022/src/universalinit/templates/django/api/urls.py (ext=.py, size=118)
2025-11-13 08:06:48,200 - Knowledge - INFO - Fast-tracked /app/data/T0015/224022/b0280is/universalinit-224022/src/universalinit/templates/slidev/netlify.toml (ext=.toml, size=230)
2025-11-13 08:06:48,283 - Knowledge - INFO - Worker kw6 processing /app/data/T0015/224022/b0280is/universalinit-224022/src/universalinit/templates/svelte/README.md
2025-11-13 08:06:48,352 - Knowledge - INFO - Worker kw7 processing /app/data/T0015/224022/b0280is/universalinit-224022/src/universalinit/templates/typescript/src/vite-env.d.ts
2025-11-13 08:06:48,438 - Knowledge - INFO - Worker kw17 processing /app/data/T0015/224022/b0280is/universalinit-224022/src/universalinit/templates/native/config.yml
2025-11-13 08:06:48,522 - Knowledge - INFO - Worker kw2 processing /app/data/T0015/224022/b0280is/universalinit-224022/src/universalinit/templates/remotion/src/HelloWorld/Atom.tsx
2025-11-13 08:06:48,666 - Knowledge - INFO - Fast-tracked /app/data/T0015/224022/b0280is/universalinit-224022/reactnative/app.json (ext=.json, size=648)
2025-11-13 08:06:48,759 - Knowledge - INFO - Fast-tracked /app/data/T0015/224022/b0280is/universalinit-224022/src/universalinit/templates/nuxt/eslint.config.mjs (ext=.mjs, size=1068)
2025-11-13 08:06:48,879 - Knowledge - INFO - process ingested knowledge for /app/data/T0015/224022/b0280is/universalinit-224022/src/universalinit/templates/remix/postcss.config.js
2025-11-13 08:06:49,037 - Knowledge - INFO - Worker kw1 processing /app/data/T0015/224022/b0280is/universalinit-224022/src/universalinit/templates/remotion/tsconfig.json
2025-11-13 08:06:49,121 - Knowledge - INFO - process ingested knowledge for /app/data/T0015/224022/b0280is/universalinit-224022/src/universalinit/templates/reactnative/package.json
2025-11-13 08:06:49,132 - Knowledge - INFO - Worker kw19 processing /app/data/T0015/224022/b0280is/universalinit-224022/src/universalinit/templates/react/README.md
2025-11-13 08:06:49,188 - Knowledge - INFO - process ingested knowledge for /app/data/T0015/224022/b0280is/universalinit-224022/src/universalinit/universalinit.py
2025-11-13 08:06:49,208 - Knowledge - INFO - Worker kw15 processing /app/data/T0015/224022/b0280is/universalinit-224022/src/universalinit/templates/svelte/src/routes/+page.ts
2025-11-13 08:06:49,286 - Knowledge - INFO - Worker kw4 processing /app/data/T0015/224022/b0280is/universalinit-224022/src/universalinit/templates/django/api/models.py
2025-11-13 08:06:49,399 - Knowledge - INFO - Worker kw5 processing /app/data/T0015/224022/b0280is/universalinit-224022/src/universalinit/templates/slidev/README.md
2025-11-13 08:06:49,523 - Knowledge - INFO - Fast-tracked /app/data/T0015/224022/b0280is/universalinit-224022/src/universalinit/templates/svelte/README.md (ext=.md, size=865)
2025-11-13 08:06:49,607 - Knowledge - INFO - Fast-tracked /app/data/T0015/224022/b0280is/universalinit-224022/src/universalinit/templates/typescript/src/vite-env.d.ts (ext=.ts, size=38)
2025-11-13 08:06:49,674 - Knowledge - INFO - Fast-tracked /app/data/T0015/224022/b0280is/universalinit-224022/src/universalinit/templates/native/config.yml (ext=.yml, size=1352)
2025-11-13 08:06:49,760 - Knowledge - INFO - Fast-tracked /app/data/T0015/224022/b0280is/universalinit-224022/src/universalinit/templates/remotion/src/HelloWorld/Atom.tsx (ext=.tsx, size=927)
2025-11-13 08:06:49,835 - Knowledge - INFO - Worker kw16 processing /app/data/T0015/224022/b0280is/universalinit-224022/reactnative/tsconfig.json
2025-11-13 08:06:49,904 - Knowledge - INFO - Worker kw18 processing /app/data/T0015/224022/b0280is/universalinit-224022/src/universalinit/templates/nuxt/server/tsconfig.json
2025-11-13 08:06:50,079 - Knowledge - INFO - Fast-tracked /app/data/T0015/224022/b0280is/universalinit-224022/src/universalinit/templates/remotion/tsconfig.json (ext=.json, size=333)
2025-11-13 08:06:50,190 - Knowledge - INFO - [WEBSOCKET] Sent: Type=progress_update, Size: 273, Duration: 0ms
2025-11-13 08:06:50,241 - Knowledge - INFO - Fast-tracked /app/data/T0015/224022/b0280is/universalinit-224022/src/universalinit/templates/react/README.md (ext=.md, size=2764)
2025-11-13 08:06:50,252 - Knowledge - INFO - process ingested knowledge for /app/data/T0015/224022/b0280is/universalinit-224022/src/universalinit/templates/remix/app/entry.server.tsx
2025-11-13 08:06:50,384 - Knowledge - INFO - process ingested knowledge for /app/data/T0015/224022/b0280is/universalinit-224022/src/universalinit/templates/reactnative/config.yml
2025-11-13 08:06:50,426 - Knowledge - INFO - Fast-tracked /app/data/T0015/224022/b0280is/universalinit-224022/src/universalinit/templates/svelte/src/routes/+page.ts (ext=.ts, size=148)
2025-11-13 08:06:50,441 - Knowledge - INFO - process ingested knowledge for /app/data/T0015/224022/b0280is/universalinit-224022/src/universalinit/templates.py
2025-11-13 08:06:50,505 - Knowledge - INFO - Fast-tracked /app/data/T0015/224022/b0280is/universalinit-224022/src/universalinit/templates/django/api/models.py (ext=.py, size=57)
2025-11-13 08:06:50,624 - Knowledge - INFO - Fast-tracked /app/data/T0015/224022/b0280is/universalinit-224022/src/universalinit/templates/slidev/README.md (ext=.md, size=270)
2025-11-13 08:06:50,722 - Knowledge - INFO - Worker kw6 processing /app/data/T0015/224022/b0280is/universalinit-224022/src/universalinit/templates/androidtv/config.yml
2025-11-13 08:06:50,789 - Knowledge - INFO - Worker kw7 processing /app/data/T0015/224022/b0280is/universalinit-224022/src/universalinit/templates/typescript/src/counter.ts
2025-11-13 08:06:50,912 - Knowledge - INFO - Worker kw17 processing /app/data/T0015/224022/b0280is/universalinit-224022/src/universalinit/templates/native/CMakeLists.txt
2025-11-13 08:06:51,012 - Knowledge - INFO - Worker kw2 processing /app/data/T0015/224022/b0280is/universalinit-224022/src/universalinit/templates/remotion/src/HelloWorld/Logo.tsx
2025-11-13 08:06:51,094 - Knowledge - INFO - Fast-tracked /app/data/T0015/224022/b0280is/universalinit-224022/reactnative/tsconfig.json (ext=.json, size=85)
2025-11-13 08:06:51,172 - Knowledge - INFO - Fast-tracked /app/data/T0015/224022/b0280is/universalinit-224022/src/universalinit/templates/nuxt/server/tsconfig.json (ext=.json, size=49)
2025-11-13 08:06:51,255 - Knowledge - INFO - Worker kw1 processing /app/data/T0015/224022/b0280is/universalinit-224022/src/universalinit/templates/remotion/README.md
2025-11-13 08:06:51,334 - Knowledge - INFO - [WEBSOCKET] Sent: Type=unknown, Size: ?, Duration: 1144ms
2025-11-13 08:06:51,433 - Knowledge - INFO - Worker kw19 processing /app/data/T0015/224022/b0280is/universalinit-224022/src/universalinit/templates/react/eslint.config.mjs
2025-11-13 08:06:51,521 - Knowledge - INFO - process ingested knowledge for /app/data/T0015/224022/b0280is/universalinit-224022/src/universalinit/templates/remix/app/entry.client.tsx
2025-11-13 08:06:51,629 - Knowledge - INFO - process ingested knowledge for /app/data/T0015/224022/b0280is/universalinit-224022/src/universalinit/templates/reactnative/App.tsx
2025-11-13 08:06:51,737 - Knowledge - INFO - Worker kw15 processing /app/data/T0015/224022/b0280is/universalinit-224022/src/universalinit/templates/svelte/package.json
2025-11-13 08:06:51,838 - Knowledge - INFO - process ingested knowledge for /app/data/T0015/224022/b0280is/universalinit-224022/src/universalinit/common/backup_db.sh
2025-11-13 08:06:51,955 - Knowledge - INFO - Worker kw4 processing /app/data/T0015/224022/b0280is/universalinit-224022/src/universalinit/templates/django/api/apps.py
2025-11-13 08:06:52,046 - Knowledge - INFO - Worker kw5 processing /app/data/T0015/224022/b0280is/universalinit-224022/src/universalinit/templates/slidev/theme/custom.css
2025-11-13 08:06:52,218 - Knowledge - INFO - Fast-tracked /app/data/T0015/224022/b0280is/universalinit-224022/src/universalinit/templates/androidtv/config.yml (ext=.yml, size=1104)
2025-11-13 08:06:52,264 - Knowledge - INFO - Fast-tracked /app/data/T0015/224022/b0280is/universalinit-224022/src/universalinit/templates/typescript/src/counter.ts (ext=.ts, size=274)
2025-11-13 08:06:52,352 - Knowledge - INFO - Fast-tracked /app/data/T0015/224022/b0280is/universalinit-224022/src/universalinit/templates/native/CMakeLists.txt (ext=.txt, size=995)
2025-11-13 08:06:52,452 - Knowledge - INFO - Fast-tracked /app/data/T0015/224022/b0280is/universalinit-224022/src/universalinit/templates/remotion/src/HelloWorld/Logo.tsx (ext=.tsx, size=1736)
2025-11-13 08:06:52,515 - Knowledge - INFO - Worker kw16 processing /app/data/T0015/224022/b0280is/universalinit-224022/reactnative/index.ts
2025-11-13 08:06:52,627 - Knowledge - INFO - Worker kw18 processing /app/data/T0015/224022/b0280is/universalinit-224022/src/universalinit/templates/react/src/App.css
2025-11-13 08:06:52,755 - Knowledge - INFO - Fast-tracked /app/data/T0015/224022/b0280is/universalinit-224022/src/universalinit/templates/remotion/README.md (ext=.md, size=1120)
2025-11-13 08:06:52,867 - Knowledge - INFO - Progress: 71.9% | Files: 282/392 | Rate: 2.47 files/sec | Queue: 0
2025-11-13 08:06:52,947 - Knowledge - INFO - Fast-tracked /app/data/T0015/224022/b0280is/universalinit-224022/src/universalinit/templates/react/eslint.config.mjs (ext=.mjs, size=725)
2025-11-13 08:06:53,046 - Knowledge - INFO - process ingested knowledge for /app/data/T0015/224022/b0280is/universalinit-224022/src/universalinit/templates/remix/app/routes/_index.tsx
2025-11-13 08:06:53,129 - Knowledge - INFO - process ingested knowledge for /app/data/T0015/224022/b0280is/universalinit-224022/src/universalinit/templates/reactnative/app.json
2025-11-13 08:06:53,212 - Knowledge - INFO - Fast-tracked /app/data/T0015/224022/b0280is/universalinit-224022/src/universalinit/templates/svelte/package.json (ext=.json, size=1037)
2025-11-13 08:06:53,281 - Knowledge - INFO - process ingested knowledge for /app/data/T0015/224022/b0280is/universalinit-224022/src/universalinit/common/restore_db.sh
2025-11-13 08:06:53,363 - Knowledge - INFO - Fast-tracked /app/data/T0015/224022/b0280is/universalinit-224022/src/universalinit/templates/django/api/apps.py (ext=.py, size=138)
2025-11-13 08:06:53,462 - Knowledge - INFO - Fast-tracked /app/data/T0015/224022/b0280is/universalinit-224022/src/universalinit/templates/slidev/theme/custom.css (ext=.css, size=13700)
2025-11-13 08:06:53,543 - Knowledge - INFO - Worker kw6 processing /app/data/T0015/224022/b0280is/universalinit-224022/src/universalinit/templates/androidtv/init_script.sh
2025-11-13 08:06:53,634 - Knowledge - INFO - Worker kw7 processing /app/data/T0015/224022/b0280is/universalinit-224022/src/universalinit/templates/typescript/package.json
2025-11-13 08:06:53,749 - Knowledge - INFO - Worker kw17 processing /app/data/T0015/224022/b0280is/universalinit-224022/src/universalinit/templates/slidev/pages/imported-slides.md
2025-11-13 08:06:53,822 - Knowledge - INFO - Worker kw2 processing /app/data/T0015/224022/b0280is/universalinit-224022/src/universalinit/templates/remotion/src/HelloWorld/Subtitle.tsx
2025-11-13 08:06:53,908 - Knowledge - INFO - Fast-tracked /app/data/T0015/224022/b0280is/universalinit-224022/reactnative/index.ts (ext=.ts, size=307)
2025-11-13 08:06:53,999 - Knowledge - INFO - Fast-tracked /app/data/T0015/224022/b0280is/universalinit-224022/src/universalinit/templates/react/src/App.css (ext=.css, size=2010)
2025-11-13 08:06:54,084 - Knowledge - INFO - Worker kw1 processing /app/data/T0015/224022/b0280is/universalinit-224022/src/universalinit/templates/remotion/eslint.config.mjs
2025-11-13 08:06:54,233 - Knowledge - INFO - Worker kw19 processing /app/data/T0015/224022/b0280is/universalinit-224022/src/universalinit/templates/react/public/index.html
2025-11-13 08:06:54,324 - Knowledge - INFO - process ingested knowledge for /app/data/T0015/224022/b0280is/universalinit-224022/src/universalinit/templates/remix/app/root.tsx
2025-11-13 08:06:54,403 - Knowledge - INFO - process ingested knowledge for /app/data/T0015/224022/b0280is/universalinit-224022/src/universalinit/templates/reactnative/tsconfig.json
2025-11-13 08:06:54,478 - Knowledge - INFO - Worker kw15 processing /app/data/T0015/224022/b0280is/universalinit-224022/src/universalinit/templates/svelte/svelte.config.js
2025-11-13 08:06:54,566 - Knowledge - INFO - process ingested knowledge for /app/data/T0015/224022/b0280is/universalinit-224022/src/universalinit/common/db_visualizer/package.json
2025-11-13 08:06:54,644 - Knowledge - INFO - Worker kw4 processing /app/data/T0015/224022/b0280is/universalinit-224022/src/universalinit/templates/django/config.yml
2025-11-13 08:06:54,730 - Knowledge - INFO - Worker kw5 processing /app/data/T0015/224022/b0280is/universalinit-224022/src/universalinit/templates/slidev/slides.md
2025-11-13 08:06:54,829 - Knowledge - INFO - Worker kw6 processing /app/data/T0015/224022/b0280is/universalinit-224022/src/universalinit/templates/springboot/src/main/java/com/example/demo/HelloController.java
2025-11-13 08:06:54,902 - Knowledge - INFO - Fast-tracked /app/data/T0015/224022/b0280is/universalinit-224022/src/universalinit/templates/typescript/package.json (ext=.json, size=352)
2025-11-13 08:06:54,995 - Knowledge - INFO - Fast-tracked /app/data/T0015/224022/b0280is/universalinit-224022/src/universalinit/templates/slidev/pages/imported-slides.md (ext=.md, size=365)
2025-11-13 08:06:55,083 - Knowledge - INFO - Fast-tracked /app/data/T0015/224022/b0280is/universalinit-224022/src/universalinit/templates/remotion/src/HelloWorld/Subtitle.tsx (ext=.tsx, size=646)
2025-11-13 08:06:55,169 - Knowledge - INFO - Worker kw16 processing /app/data/T0015/224022/b0280is/universalinit-224022/README.md
2025-11-13 08:06:55,252 - Knowledge - INFO - Worker kw18 processing /app/data/T0015/224022/b0280is/universalinit-224022/src/universalinit/templates/react/src/App.js
2025-11-13 08:06:55,373 - Knowledge - INFO - Fast-tracked /app/data/T0015/224022/b0280is/universalinit-224022/src/universalinit/templates/remotion/eslint.config.mjs (ext=.mjs, size=784)
2025-11-13 08:06:55,446 - Knowledge - INFO - Fast-tracked /app/data/T0015/224022/b0280is/universalinit-224022/src/universalinit/templates/react/public/index.html (ext=.html, size=1984)
2025-11-13 08:06:55,555 - Knowledge - INFO - process ingested knowledge for /app/data/T0015/224022/b0280is/universalinit-224022/src/universalinit/templates/remix/app/tailwind.css
2025-11-13 08:06:55,632 - Knowledge - INFO - process ingested knowledge for /app/data/T0015/224022/b0280is/universalinit-224022/src/universalinit/templates/reactnative/index.ts
2025-11-13 08:06:55,717 - Knowledge - INFO - Fast-tracked /app/data/T0015/224022/b0280is/universalinit-224022/src/universalinit/templates/svelte/svelte.config.js (ext=.js, size=699)
2025-11-13 08:06:55,846 - Knowledge - INFO - process ingested knowledge for /app/data/T0015/224022/b0280is/universalinit-224022/src/universalinit/common/db_visualizer/server.js
2025-11-13 08:06:55,928 - Knowledge - INFO - Fast-tracked /app/data/T0015/224022/b0280is/universalinit-224022/src/universalinit/templates/django/config.yml (ext=.yml, size=1857)
2025-11-13 08:06:56,013 - Knowledge - INFO - Fast-tracked /app/data/T0015/224022/b0280is/universalinit-224022/src/universalinit/templates/slidev/slides.md (ext=.md, size=15756)
2025-11-13 08:06:56,100 - Knowledge - INFO - Worker kw6 processing /app/data/T0015/224022/b0280is/universalinit-224022/src/universalinit/templates/springboot/src/main/java/com/example/demo/{KAVIA_TEMPLATE_PROJECT_NAME}Application.java
2025-11-13 08:06:56,204 - Knowledge - INFO - Worker kw7 processing /app/data/T0015/224022/b0280is/universalinit-224022/src/universalinit/templates/typescript/config.yml
2025-11-13 08:06:56,281 - Knowledge - INFO - Worker kw17 processing /app/data/T0015/224022/b0280is/universalinit-224022/src/universalinit/templates/slidev/style.css
2025-11-13 08:06:56,353 - Knowledge - INFO - Worker kw2 processing /app/data/T0015/224022/b0280is/universalinit-224022/src/universalinit/templates/remotion/src/HelloWorld/Arc.tsx
2025-11-13 08:06:56,425 - Knowledge - INFO - Fast-tracked /app/data/T0015/224022/b0280is/universalinit-224022/README.md (ext=.md, size=9710)
2025-11-13 08:06:56,515 - Knowledge - INFO - Fast-tracked /app/data/T0015/224022/b0280is/universalinit-224022/src/universalinit/templates/react/src/App.js (ext=.js, size=1251)
2025-11-13 08:06:56,616 - Knowledge - INFO - Worker kw1 processing /app/data/T0015/224022/b0280is/universalinit-224022/src/universalinit/templates/django/manage.py
2025-11-13 08:06:56,697 - Knowledge - INFO - Worker kw19 processing /app/data/T0015/224022/b0280is/universalinit-224022/src/universalinit/templates/react/public/robots.txt
2025-11-13 08:06:56,941 - Knowledge - INFO - Worker kw15 processing /app/data/T0015/224022/b0280is/universalinit-224022/src/universalinit/templates/svelte/config.yml
2025-11-13 08:06:57,100 - Knowledge - INFO - process ingested knowledge for /app/data/T0015/224022/b0280is/universalinit-224022/src/universalinit/common/db_visualizer/public/index.html
2025-11-13 08:06:57,133 - Knowledge - INFO - Worker kw4 processing /app/data/T0015/224022/b0280is/universalinit-224022/src/universalinit/templates/django/config/settings.py
2025-11-13 08:06:57,198 - Knowledge - INFO - Worker kw5 processing /app/data/T0015/224022/b0280is/universalinit-224022/src/universalinit/templates/slidev/prettierrc.js
2025-11-13 08:06:57,286 - Knowledge - INFO - Fast-tracked /app/data/T0015/224022/b0280is/universalinit-224022/src/universalinit/templates/springboot/src/main/java/com/example/demo/{KAVIA_TEMPLATE_PROJECT_NAME}Application.java (ext=.java, size=380)
2025-11-13 08:06:57,375 - Knowledge - INFO - Fast-tracked /app/data/T0015/224022/b0280is/universalinit-224022/src/universalinit/templates/typescript/config.yml (ext=.yml, size=1027)
2025-11-13 08:06:57,488 - Knowledge - INFO - Fast-tracked /app/data/T0015/224022/b0280is/universalinit-224022/src/universalinit/templates/slidev/style.css (ext=.css, size=46)
2025-11-13 08:06:57,574 - Knowledge - INFO - Fast-tracked /app/data/T0015/224022/b0280is/universalinit-224022/src/universalinit/templates/remotion/src/HelloWorld/Arc.tsx (ext=.tsx, size=1457)
2025-11-13 08:06:57,659 - Knowledge - INFO - Worker kw16 processing /app/data/T0015/224022/b0280is/universalinit-224022/universalinit-env/src/universalinit_env/envmapper.py
2025-11-13 08:06:57,739 - Knowledge - INFO - Worker kw18 processing /app/data/T0015/224022/b0280is/universalinit-224022/src/universalinit/templates/react/src/App.test.js
2025-11-13 08:06:57,818 - Knowledge - INFO - Fast-tracked /app/data/T0015/224022/b0280is/universalinit-224022/src/universalinit/templates/django/manage.py (ext=.py, size=662)
2025-11-13 08:06:57,892 - Knowledge - INFO - Fast-tracked /app/data/T0015/224022/b0280is/universalinit-224022/src/universalinit/templates/react/public/robots.txt (ext=.txt, size=67)
2025-11-13 08:06:58,004 - Knowledge - INFO - Fast-tracked /app/data/T0015/224022/b0280is/universalinit-224022/src/universalinit/templates/svelte/config.yml (ext=.yml, size=1059)
2025-11-13 08:06:58,157 - Knowledge - INFO - process ingested knowledge for /app/data/T0015/224022/b0280is/universalinit-224022/src/universalinit/templateconfig.py
2025-11-13 08:06:58,185 - Knowledge - INFO - Worker kw4 processing /app/data/T0015/224022/b0280is/universalinit-224022/src/universalinit/templates/django/config/wsgi.py
2025-11-13 08:06:58,256 - Knowledge - INFO - Fast-tracked /app/data/T0015/224022/b0280is/universalinit-224022/src/universalinit/templates/slidev/prettierrc.js (ext=.js, size=158)
2025-11-13 08:06:58,365 - Knowledge - INFO - Worker kw6 processing /app/data/T0015/224022/b0280is/universalinit-224022/src/universalinit/templates/springboot/config.yml
2025-11-13 08:06:58,441 - Knowledge - INFO - Worker kw7 processing /app/data/T0015/224022/b0280is/universalinit-224022/src/universalinit/templates/typescript/vite.config.ts
2025-11-13 08:06:58,560 - Knowledge - INFO - Worker kw17 processing /app/data/T0015/224022/b0280is/universalinit-224022/src/universalinit/templates/slidev/package.json
2025-11-13 08:06:58,670 - Knowledge - INFO - Worker kw2 processing /app/data/T0015/224022/b0280is/universalinit-224022/src/universalinit/templates/remotion/src/HelloWorld/Title.tsx
2025-11-13 08:06:58,757 - Knowledge - INFO - Worker kw16 processing /app/data/T0015/224022/b0280is/universalinit-224022/universalinit-env/src/universalinit_env/__init__.py
2025-11-13 08:06:58,833 - Knowledge - INFO - Fast-tracked /app/data/T0015/224022/b0280is/universalinit-224022/src/universalinit/templates/react/src/App.test.js (ext=.js, size=246)
2025-11-13 08:06:58,902 - Knowledge - INFO - Worker kw1 processing /app/data/T0015/224022/b0280is/universalinit-224022/src/universalinit/templates/django/requirements.txt
2025-11-13 08:06:58,990 - Knowledge - INFO - Worker kw19 processing /app/data/T0015/224022/b0280is/universalinit-224022/src/universalinit/templates/react/public/manifest.json
2025-11-13 08:06:59,106 - Knowledge - INFO - Worker kw15 processing /app/data/T0015/224022/b0280is/universalinit-224022/src/universalinit/templates/svelte/eslint.config.js
2025-11-13 08:06:59,213 - Knowledge - INFO - process ingested knowledge for /app/data/T0015/224022/b0280is/universalinit-224022/src/universalinit/cli.py
2025-11-13 08:06:59,295 - Knowledge - INFO - Fast-tracked /app/data/T0015/224022/b0280is/universalinit-224022/src/universalinit/templates/django/config/wsgi.py (ext=.py, size=389)
2025-11-13 08:06:59,369 - Knowledge - INFO - Worker kw5 processing /app/data/T0015/224022/b0280is/universalinit-224022/src/universalinit/templates/nuxt/nuxt.config.ts
2025-11-13 08:06:59,446 - Knowledge - INFO - Fast-tracked /app/data/T0015/224022/b0280is/universalinit-224022/src/universalinit/templates/springboot/config.yml (ext=.yml, size=1167)
2025-11-13 08:06:59,532 - Knowledge - INFO - Fast-tracked /app/data/T0015/224022/b0280is/universalinit-224022/src/universalinit/templates/typescript/vite.config.ts (ext=.ts, size=329)
2025-11-13 08:06:59,613 - Knowledge - INFO - Fast-tracked /app/data/T0015/224022/b0280is/universalinit-224022/src/universalinit/templates/slidev/package.json (ext=.json, size=908)
2025-11-13 08:06:59,728 - Knowledge - INFO - Fast-tracked /app/data/T0015/224022/b0280is/universalinit-224022/src/universalinit/templates/remotion/src/HelloWorld/Title.tsx (ext=.tsx, size=1208)
2025-11-13 08:06:59,815 - Knowledge - INFO - Fast-tracked /app/data/T0015/224022/b0280is/universalinit-224022/universalinit-env/src/universalinit_env/__init__.py (ext=.py, size=377)
2025-11-13 08:06:59,888 - Knowledge - INFO - Worker kw18 processing /app/data/T0015/224022/b0280is/universalinit-224022/src/universalinit/templates/react/src/index.js
2025-11-13 08:06:59,982 - Knowledge - INFO - Fast-tracked /app/data/T0015/224022/b0280is/universalinit-224022/src/universalinit/templates/django/requirements.txt (ext=.txt, size=291)
2025-11-13 08:07:00,115 - Knowledge - INFO - Fast-tracked /app/data/T0015/224022/b0280is/universalinit-224022/src/universalinit/templates/react/public/manifest.json (ext=.json, size=492)
2025-11-13 08:07:00,187 - Knowledge - INFO - Fast-tracked /app/data/T0015/224022/b0280is/universalinit-224022/src/universalinit/templates/svelte/eslint.config.js (ext=.js, size=900)
2025-11-13 08:07:00,267 - Knowledge - INFO - process ingested knowledge for /app/data/T0015/224022/b0280is/universalinit-224022/src/universalinit/templates/vue/env.d.ts
2025-11-13 08:07:00,346 - Knowledge - INFO - Worker kw4 processing /app/data/T0015/224022/b0280is/universalinit-224022/src/universalinit/templates/django/config/urls.py
2025-11-13 08:07:00,425 - Knowledge - INFO - Fast-tracked /app/data/T0015/224022/b0280is/universalinit-224022/src/universalinit/templates/nuxt/nuxt.config.ts (ext=.ts, size=403)
2025-11-13 08:07:00,500 - Knowledge - INFO - Worker kw6 processing /app/data/T0015/224022/b0280is/universalinit-224022/src/universalinit/templates/springboot/settings.gradle
2025-11-13 08:07:00,587 - Knowledge - INFO - Worker kw7 processing /app/data/T0015/224022/b0280is/universalinit-224022/src/universalinit/templates/typescript/tsconfig.json
2025-11-13 08:07:00,707 - Knowledge - INFO - Worker kw17 processing /app/data/T0015/224022/b0280is/universalinit-224022/src/universalinit/templates/slidev/config.yml
2025-11-13 08:07:00,792 - Knowledge - INFO - Worker kw2 processing /app/data/T0015/224022/b0280is/universalinit-224022/src/universalinit/templates/remotion/src/Root.tsx
2025-11-13 08:07:00,863 - Knowledge - INFO - Worker kw16 processing /app/data/T0015/224022/b0280is/universalinit-224022/universalinit-env/pyproject.toml
2025-11-13 08:07:00,943 - Knowledge - INFO - Fast-tracked /app/data/T0015/224022/b0280is/universalinit-224022/src/universalinit/templates/react/src/index.js (ext=.js, size=254)
2025-11-13 08:07:01,020 - Knowledge - INFO - Worker kw1 processing /app/data/T0015/224022/b0280is/universalinit-224022/src/universalinit/templates/django/api/admin.py
2025-11-13 08:07:01,091 - Knowledge - INFO - Worker kw19 processing /app/data/T0015/224022/b0280is/universalinit-224022/pyproject.toml
2025-11-13 08:07:01,188 - Knowledge - INFO - Worker kw15 processing /app/data/T0015/224022/b0280is/universalinit-224022/src/universalinit/templates/svelte/vitest-setup-client.ts
2025-11-13 08:07:01,280 - Knowledge - INFO - process ingested knowledge for /app/data/T0015/224022/b0280is/universalinit-224022/src/universalinit/templates/vue/vitest.config.ts
2025-11-13 08:07:01,376 - Knowledge - INFO - Async storage completed for 15 embeddings
2025-11-13 08:07:01,443 - Knowledge - INFO - Worker kw5 processing /app/data/T0015/224022/b0280is/universalinit-224022/src/universalinit/templates/nuxt/package.json
2025-11-13 08:07:01,528 - Knowledge - INFO - Fast-tracked /app/data/T0015/224022/b0280is/universalinit-224022/src/universalinit/templates/springboot/settings.gradle (ext=.gradle, size=51)
2025-11-13 08:07:01,608 - Knowledge - INFO - Fast-tracked /app/data/T0015/224022/b0280is/universalinit-224022/src/universalinit/templates/typescript/tsconfig.json (ext=.json, size=570)
2025-11-13 08:07:01,687 - Knowledge - INFO - Fast-tracked /app/data/T0015/224022/b0280is/universalinit-224022/src/universalinit/templates/slidev/config.yml (ext=.yml, size=961)
2025-11-13 08:07:01,767 - Knowledge - INFO - Fast-tracked /app/data/T0015/224022/b0280is/universalinit-224022/src/universalinit/templates/remotion/src/Root.tsx (ext=.tsx, size=1324)
2025-11-13 08:07:01,845 - Knowledge - INFO - Fast-tracked /app/data/T0015/224022/b0280is/universalinit-224022/universalinit-env/pyproject.toml (ext=.toml, size=941)
2025-11-13 08:07:01,940 - Knowledge - INFO - Worker kw18 processing /app/data/T0015/224022/b0280is/universalinit-224022/src/universalinit/templates/react/src/setupTests.js
2025-11-13 08:07:02,016 - Knowledge - INFO - Fast-tracked /app/data/T0015/224022/b0280is/universalinit-224022/src/universalinit/templates/django/api/admin.py (ext=.py, size=63)
2025-11-13 08:07:02,092 - Knowledge - INFO - Fast-tracked /app/data/T0015/224022/b0280is/universalinit-224022/pyproject.toml (ext=.toml, size=606)
2025-11-13 08:07:02,182 - Knowledge - INFO - Fast-tracked /app/data/T0015/224022/b0280is/universalinit-224022/src/universalinit/templates/svelte/vitest-setup-client.ts (ext=.ts, size=460)
2025-11-13 08:07:02,270 - Knowledge - INFO - process ingested knowledge for /app/data/T0015/224022/b0280is/universalinit-224022/src/universalinit/templates/vue/src/stores/counter.ts
2025-11-13 08:07:02,467 - Knowledge - INFO - Fast-tracked /app/data/T0015/224022/b0280is/universalinit-224022/src/universalinit/templates/nuxt/package.json (ext=.json, size=579)
2025-11-13 08:07:02,552 - Knowledge - INFO - Worker kw6 processing /app/data/T0015/224022/b0280is/universalinit-224022/src/universalinit/templates/springboot/build.gradle
2025-11-13 08:07:02,671 - Knowledge - INFO - Worker kw7 processing /app/data/T0015/224022/b0280is/universalinit-224022/src/universalinit/templates/typescript/eslint.config.mjs
2025-11-13 08:07:02,744 - Knowledge - INFO - Worker kw17 processing /app/data/T0015/224022/b0280is/universalinit-224022/src/universalinit/templates/slidev/snippets/external.ts
2025-11-13 08:07:02,823 - Knowledge - INFO - Worker kw2 processing /app/data/T0015/224022/b0280is/universalinit-224022/src/universalinit/templates/remotion/src/HelloWorld.tsx
2025-11-13 08:07:02,910 - Knowledge - INFO - Worker kw16 processing /app/data/T0015/224022/b0280is/universalinit-224022/universalinit-env/README-env.md
2025-11-13 08:07:02,983 - Knowledge - INFO - Fast-tracked /app/data/T0015/224022/b0280is/universalinit-224022/src/universalinit/templates/react/src/setupTests.js (ext=.js, size=241)
2025-11-13 08:07:03,064 - Knowledge - INFO - Async storage completed for 15 embeddings
2025-11-13 08:07:03,174 - Knowledge - INFO - Worker kw19 processing /app/data/T0015/224022/b0280is/universalinit-224022/reactnative/package.json
2025-11-13 08:07:03,200 - Knowledge - INFO - Fast-tracked /app/data/T0015/224022/b0280is/universalinit-224022/src/universalinit/templates/django/config/urls.py (small file (2099 bytes))
2025-11-13 08:07:03,255 - Knowledge - INFO - Async storage completed for 12 embeddings
2025-11-13 08:07:03,460 - Knowledge - INFO - Worker kw5 processing /app/data/T0015/224022/b0280is/universalinit-224022/src/universalinit/templates/nuxt/config.yml
2025-11-13 08:07:03,539 - Knowledge - INFO - Fast-tracked /app/data/T0015/224022/b0280is/universalinit-224022/src/universalinit/templates/springboot/build.gradle (ext=.gradle, size=870)
2025-11-13 08:07:03,633 - Knowledge - INFO - Fast-tracked /app/data/T0015/224022/b0280is/universalinit-224022/src/universalinit/templates/typescript/eslint.config.mjs (ext=.mjs, size=772)
2025-11-13 08:07:03,717 - Knowledge - INFO - Fast-tracked /app/data/T0015/224022/b0280is/universalinit-224022/src/universalinit/templates/slidev/snippets/external.ts (ext=.ts, size=275)
2025-11-13 08:07:03,793 - Knowledge - INFO - Fast-tracked /app/data/T0015/224022/b0280is/universalinit-224022/src/universalinit/templates/remotion/src/HelloWorld.tsx (ext=.tsx, size=1989)
2025-11-13 08:07:03,907 - Knowledge - INFO - Fast-tracked /app/data/T0015/224022/b0280is/universalinit-224022/universalinit-env/README-env.md (ext=.md, size=3400)
2025-11-13 08:07:04,027 - Knowledge - INFO - Worker kw18 processing /app/data/T0015/224022/b0280is/universalinit-224022/src/universalinit/templates/react/src/index.css
2025-11-13 08:07:04,157 - Knowledge - INFO - Processing batch of 10 files
2025-11-13 08:07:04,188 - Knowledge - INFO - Fast-tracked /app/data/T0015/224022/b0280is/universalinit-224022/reactnative/package.json (ext=.json, size=962)
2025-11-13 08:07:04,456 - Knowledge - INFO - Fast-tracked /app/data/T0015/224022/b0280is/universalinit-224022/src/universalinit/templates/nuxt/config.yml (ext=.yml, size=1019)
2025-11-13 08:07:04,494 - Knowledge - INFO - Processing batch of 10 files
2025-11-13 08:07:04,572 - Knowledge - INFO - Async storage completed for 15 embeddings
2025-11-13 08:07:04,671 - Knowledge - INFO - [WEBSOCKET] Sent: Type=progress_update, Size: 273, Duration: 0ms
2025-11-13 08:07:04,678 - Knowledge - INFO - Worker kw7 processing /app/data/T0015/224022/b0280is/universalinit-224022/src/universalinit/templates/typescript/index.html
2025-11-13 08:07:04,757 - Knowledge - INFO - Worker kw17 processing /app/data/T0015/224022/b0280is/universalinit-224022/src/universalinit/templates/slidev/vite.config.ts
2025-11-13 08:07:04,836 - Knowledge - INFO - Async storage completed for 15 embeddings
2025-11-13 08:07:05,009 - Knowledge - INFO - Fast-tracked /app/data/T0015/224022/b0280is/universalinit-224022/src/universalinit/templates/react/src/index.css (ext=.css, size=366)
2025-11-13 08:07:05,118 - Knowledge - INFO - process ingested knowledge for /app/data/T0015/224022/b0280is/universalinit-224022/src/universalinit/templates/remotion/src/index.ts
2025-11-13 08:07:05,233 - Knowledge - INFO - Worker kw19 processing /app/data/T0015/224022/b0280is/universalinit-224022/reactnative/config.yml
2025-11-13 08:07:05,311 - Knowledge - INFO - Worker kw5 processing /app/data/T0015/224022/b0280is/universalinit-224022/src/universalinit/templates/nuxt/tsconfig.json
2025-11-13 08:07:05,385 - Knowledge - INFO - process ingested knowledge for /app/data/T0015/224022/b0280is/universalinit-224022/src/universalinit/templates/django/config/asgi.py
2025-11-13 08:07:05,591 - Knowledge - INFO - [WEBSOCKET] Sent: Type=unknown, Size: ?, Duration: 920ms
2025-11-13 08:07:05,660 - Knowledge - INFO - Fast-tracked /app/data/T0015/224022/b0280is/universalinit-224022/src/universalinit/templates/typescript/index.html (ext=.html, size=356)
2025-11-13 08:07:05,740 - Knowledge - INFO - Fast-tracked /app/data/T0015/224022/b0280is/universalinit-224022/src/universalinit/templates/slidev/vite.config.ts (ext=.ts, size=283)
2025-11-13 08:07:05,917 - Knowledge - INFO - Worker kw18 processing /app/data/T0015/224022/b0280is/universalinit-224022/src/universalinit/templates/react/package.json
2025-11-13 08:07:06,005 - Knowledge - INFO - process ingested knowledge for /app/data/T0015/224022/b0280is/universalinit-224022/src/universalinit/templates/remotion/package.json
2025-11-13 08:07:06,116 - Knowledge - INFO - Fast-tracked /app/data/T0015/224022/b0280is/universalinit-224022/reactnative/config.yml (ext=.yml, size=916)
2025-11-13 08:07:06,227 - Knowledge - INFO - Fast-tracked /app/data/T0015/224022/b0280is/universalinit-224022/src/universalinit/templates/nuxt/tsconfig.json (ext=.json, size=94)
2025-11-13 08:07:06,304 - Knowledge - INFO - process ingested knowledge for /app/data/T0015/224022/b0280is/universalinit-224022/src/universalinit/templates/svelte/src/app.css
2025-11-13 08:07:06,393 - Knowledge - INFO - Progress: 77.0% | Files: 303/392 | Rate: 2.35 files/sec | Queue: 0
2025-11-13 08:07:06,472 - Knowledge - INFO - Async storage completed for 15 embeddings
2025-11-13 08:07:06,541 - Knowledge - INFO - Processing batch of 12 files
2025-11-13 08:07:06,566 - Knowledge - INFO - Async storage completed for 12 embeddings
2025-11-13 08:07:06,658 - Knowledge - INFO - Fast-tracked /app/data/T0015/224022/b0280is/universalinit-224022/src/universalinit/templates/react/package.json (ext=.json, size=672)
2025-11-13 08:07:06,715 - Knowledge - INFO - [LLM_CALL] Completed: settings.py:chunk1, Duration: 4336ms, PromptTokens: 2372, CompletionTokens: 329, Cost: $0.00037
2025-11-13 08:07:06,739 - Knowledge - INFO - process ingested knowledge for /app/data/T0015/224022/b0280is/universalinit-224022/src/universalinit/templates/remotion/remotion.config.ts
2025-11-13 08:07:06,853 - Knowledge - INFO - Worker kw19 processing /app/data/T0015/224022/b0280is/universalinit-224022/reactnative/App.tsx
2025-11-13 08:07:06,924 - Knowledge - INFO - Async storage completed for 15 embeddings
2025-11-13 08:07:07,003 - Knowledge - INFO - process ingested knowledge for /app/data/T0015/224022/b0280is/universalinit-224022/src/universalinit/templates/svelte/src/app.d.ts
2025-11-13 08:07:07,205 - Knowledge - INFO - Fast-tracked /app/data/T0015/224022/b0280is/universalinit-224022/src/universalinit/templates/springboot/src/main/java/com/example/demo/HelloController.java (small file (2070 bytes))
2025-11-13 08:07:07,274 - Knowledge - INFO - process ingested knowledge for /app/data/T0015/224022/b0280is/universalinit-224022/src/universalinit/templates/remix/vite.config.ts
2025-11-13 08:07:07,322 - Knowledge - INFO - Async storage completed for 12 embeddings
2025-11-13 08:07:07,453 - Knowledge - INFO - Async storage completed for 12 embeddings
2025-11-13 08:07:07,581 - Knowledge - INFO - done ingest for /app/data/T0015/224022/b0280is/universalinit-224022/src/universalinit/templates/django/config/settings.py
2025-11-13 08:07:07,628 - Knowledge - INFO - Processing batch of 10 files
2025-11-13 08:07:07,629 - Knowledge - INFO - Processing batch of 10 files
2025-11-13 08:07:07,655 - Knowledge - INFO - process ingested knowledge for /app/data/T0015/224022/b0280is/universalinit-224022/src/universalinit/templates/remotion/config.yml
2025-11-13 08:07:07,724 - Knowledge - INFO - Fast-tracked /app/data/T0015/224022/b0280is/universalinit-224022/reactnative/App.tsx (ext=.tsx, size=482)
2025-11-13 08:07:07,828 - Knowledge - INFO - Processing batch of 10 files
2025-11-13 08:07:07,883 - Knowledge - INFO - process ingested knowledge for /app/data/T0015/224022/b0280is/universalinit-224022/src/universalinit/templates/svelte/src/app.html
2025-11-13 08:07:08,075 - Knowledge - INFO - process ingested knowledge for /app/data/T0015/224022/b0280is/universalinit-224022/src/universalinit/templates/remix/tsconfig.json
2025-11-13 08:07:08,290 - Knowledge - INFO - Processing batch of 10 files
2025-11-13 08:07:08,441 - Knowledge - INFO - Processing batch of 10 files
2025-11-13 08:07:08,488 - Knowledge - INFO - process ingested knowledge for /app/data/T0015/224022/b0280is/universalinit-224022/src/universalinit/templates/typescript/src/style.css
2025-11-13 08:07:08,561 - Knowledge - INFO - process ingested knowledge for /app/data/T0015/224022/b0280is/universalinit-224022/src/universalinit/templates/native/src/mainApp.cpp
2025-11-13 08:07:08,682 - Knowledge - INFO - process ingested knowledge for /app/data/T0015/224022/b0280is/universalinit-224022/src/universalinit/templates/remotion/tsconfig.json
2025-11-13 08:07:08,761 - Knowledge - INFO - Async storage completed for 12 embeddings
2025-11-13 08:07:08,853 - Knowledge - INFO - process ingested knowledge for /app/data/T0015/224022/b0280is/universalinit-224022/src/universalinit/templates/slidev/vercel.json
2025-11-13 08:07:08,953 - Knowledge - INFO - process ingested knowledge for /app/data/T0015/224022/b0280is/universalinit-224022/src/universalinit/templates/svelte/src/routes/+page.ts
2025-11-13 08:07:09,031 - Knowledge - INFO - process ingested knowledge for /app/data/T0015/224022/b0280is/universalinit-224022/src/universalinit/templates/remix/tailwind.config.ts
2025-11-13 08:07:09,098 - Knowledge - INFO - [LLM_CALL] Completed: init_script.sh:chunk1, Duration: 3507ms, PromptTokens: 10328, CompletionTokens: 59, Cost: $0.00106
2025-11-13 08:07:09,140 - Knowledge - INFO - process ingested knowledge for /app/data/T0015/224022/b0280is/universalinit-224022/src/universalinit/templates/nuxt/README.md
2025-11-13 08:07:09,250 - Knowledge - INFO - process ingested knowledge for /app/data/T0015/224022/b0280is/universalinit-224022/src/universalinit/templates/django/api/tests.py
2025-11-13 08:07:09,344 - Knowledge - INFO - process ingested knowledge for /app/data/T0015/224022/b0280is/universalinit-224022/src/universalinit/templates/typescript/src/main.ts
2025-11-13 08:07:09,414 - Knowledge - INFO - process ingested knowledge for /app/data/T0015/224022/b0280is/universalinit-224022/src/universalinit/templates/native/include/mainApp.h
2025-11-13 08:07:09,506 - Knowledge - INFO - process ingested knowledge for /app/data/T0015/224022/b0280is/universalinit-224022/src/universalinit/templates/remotion/README.md
2025-11-13 08:07:09,694 - Knowledge - INFO - process ingested knowledge for /app/data/T0015/224022/b0280is/universalinit-224022/src/universalinit/templates/slidev/netlify.toml
2025-11-13 08:07:09,785 - Knowledge - INFO - process ingested knowledge for /app/data/T0015/224022/b0280is/universalinit-224022/src/universalinit/templates/svelte/package.json
2025-11-13 08:07:09,860 - Knowledge - INFO - process ingested knowledge for /app/data/T0015/224022/b0280is/universalinit-224022/src/universalinit/templates/remix/README.md
2025-11-13 08:07:09,950 - Knowledge - INFO - done ingest for /app/data/T0015/224022/b0280is/universalinit-224022/src/universalinit/templates/androidtv/init_script.sh
2025-11-13 08:07:09,979 - Knowledge - INFO - Processing batch of 10 files
2025-11-13 08:07:10,063 - Knowledge - INFO - process ingested knowledge for /app/data/T0015/224022/b0280is/universalinit-224022/src/universalinit/templates/nuxt/eslint.config.mjs
2025-11-13 08:07:10,180 - Knowledge - INFO - process ingested knowledge for /app/data/T0015/224022/b0280is/universalinit-224022/src/universalinit/templates/django/api/views.py
2025-11-13 08:07:10,261 - Knowledge - INFO - process ingested knowledge for /app/data/T0015/224022/b0280is/universalinit-224022/src/universalinit/templates/typescript/src/vite-env.d.ts
2025-11-13 08:07:10,344 - Knowledge - INFO - process ingested knowledge for /app/data/T0015/224022/b0280is/universalinit-224022/src/universalinit/templates/native/config.yml
2025-11-13 08:07:10,429 - Knowledge - INFO - process ingested knowledge for /app/data/T0015/224022/b0280is/universalinit-224022/src/universalinit/templates/remotion/eslint.config.mjs
2025-11-13 08:07:10,511 - Knowledge - INFO - process ingested knowledge for /app/data/T0015/224022/b0280is/universalinit-224022/src/universalinit/templates/slidev/README.md
2025-11-13 08:07:10,590 - Knowledge - INFO - process ingested knowledge for /app/data/T0015/224022/b0280is/universalinit-224022/src/universalinit/templates/svelte/svelte.config.js
2025-11-13 08:07:10,712 - Knowledge - INFO - process ingested knowledge for /app/data/T0015/224022/b0280is/universalinit-224022/src/universalinit/templates/remotion/src/HelloWorld/constants.ts
2025-11-13 08:07:10,856 - Knowledge - INFO - Processing batch of 10 files
2025-11-13 08:07:10,885 - Knowledge - INFO - process ingested knowledge for /app/data/T0015/224022/b0280is/universalinit-224022/src/universalinit/templates/react/config.yml
2025-11-13 08:07:11,006 - Knowledge - INFO - process ingested knowledge for /app/data/T0015/224022/b0280is/universalinit-224022/src/universalinit/templates/nuxt/server/tsconfig.json
2025-11-13 08:07:11,085 - Knowledge - INFO - process ingested knowledge for /app/data/T0015/224022/b0280is/universalinit-224022/src/universalinit/templates/django/api/management/commands/generate_openapi.py
2025-11-13 08:07:11,205 - Knowledge - INFO - process ingested knowledge for /app/data/T0015/224022/b0280is/universalinit-224022/src/universalinit/templates/typescript/src/counter.ts
2025-11-13 08:07:11,328 - Knowledge - INFO - process ingested knowledge for /app/data/T0015/224022/b0280is/universalinit-224022/src/universalinit/templates/native/CMakeLists.txt
2025-11-13 08:07:11,413 - Knowledge - INFO - process ingested knowledge for /app/data/T0015/224022/b0280is/universalinit-224022/src/universalinit/templates/django/manage.py
2025-11-13 08:07:11,517 - Knowledge - INFO - process ingested knowledge for /app/data/T0015/224022/b0280is/universalinit-224022/src/universalinit/templates/slidev/theme/custom.css
2025-11-13 08:07:11,621 - Knowledge - INFO - process ingested knowledge for /app/data/T0015/224022/b0280is/universalinit-224022/src/universalinit/templates/svelte/config.yml
2025-11-13 08:07:11,706 - Knowledge - INFO - process ingested knowledge for /app/data/T0015/224022/b0280is/universalinit-224022/src/universalinit/templates/remotion/src/HelloWorld/Atom.tsx
2025-11-13 08:07:11,786 - Knowledge - INFO - process ingested knowledge for /app/data/T0015/224022/b0280is/universalinit-224022/src/universalinit/templates/svelte/vite.config.ts
2025-11-13 08:07:11,880 - Knowledge - INFO - process ingested knowledge for /app/data/T0015/224022/b0280is/universalinit-224022/src/universalinit/templates/react/README.md
2025-11-13 08:07:11,966 - Knowledge - INFO - process ingested knowledge for /app/data/T0015/224022/b0280is/universalinit-224022/src/universalinit/templates/react/src/App.css
2025-11-13 08:07:12,077 - Knowledge - INFO - process ingested knowledge for /app/data/T0015/224022/b0280is/universalinit-224022/src/universalinit/templates/django/api/urls.py
2025-11-13 08:07:12,157 - Knowledge - INFO - process ingested knowledge for /app/data/T0015/224022/b0280is/universalinit-224022/src/universalinit/templates/typescript/package.json
2025-11-13 08:07:12,240 - Knowledge - INFO - process ingested knowledge for /app/data/T0015/224022/b0280is/universalinit-224022/src/universalinit/templates/slidev/pages/imported-slides.md
2025-11-13 08:07:12,319 - Knowledge - INFO - process ingested knowledge for /app/data/T0015/224022/b0280is/universalinit-224022/src/universalinit/templates/django/requirements.txt
2025-11-13 08:07:12,421 - Knowledge - INFO - process ingested knowledge for /app/data/T0015/224022/b0280is/universalinit-224022/src/universalinit/templates/slidev/slides.md
2025-11-13 08:07:12,512 - Knowledge - INFO - process ingested knowledge for /app/data/T0015/224022/b0280is/universalinit-224022/src/universalinit/templates/svelte/eslint.config.js
2025-11-13 08:07:12,596 - Knowledge - INFO - process ingested knowledge for /app/data/T0015/224022/b0280is/universalinit-224022/src/universalinit/templates/remotion/src/HelloWorld/Logo.tsx
2025-11-13 08:07:12,687 - Knowledge - INFO - process ingested knowledge for /app/data/T0015/224022/b0280is/universalinit-224022/src/universalinit/templates/svelte/tsconfig.json
2025-11-13 08:07:12,785 - Knowledge - INFO - process ingested knowledge for /app/data/T0015/224022/b0280is/universalinit-224022/src/universalinit/templates/react/eslint.config.mjs
2025-11-13 08:07:12,868 - Knowledge - INFO - process ingested knowledge for /app/data/T0015/224022/b0280is/universalinit-224022/src/universalinit/templates/react/src/App.js
2025-11-13 08:07:12,981 - Knowledge - INFO - [LLM_CALL] Completed: envmapper.py:chunk1, Duration: 7395ms, PromptTokens: 2986, CompletionTokens: 466, Cost: $0.00048
2025-11-13 08:07:12,987 - Knowledge - INFO - process ingested knowledge for /app/data/T0015/224022/b0280is/universalinit-224022/src/universalinit/templates/django/api/models.py
2025-11-13 08:07:13,045 - Knowledge - INFO - process ingested knowledge for /app/data/T0015/224022/b0280is/universalinit-224022/src/universalinit/templates/typescript/config.yml
2025-11-13 08:07:13,122 - Knowledge - INFO - process ingested knowledge for /app/data/T0015/224022/b0280is/universalinit-224022/src/universalinit/templates/slidev/style.css
2025-11-13 08:07:13,207 - Knowledge - INFO - process ingested knowledge for /app/data/T0015/224022/b0280is/universalinit-224022/src/universalinit/templates/django/api/admin.py
2025-11-13 08:07:13,288 - Knowledge - INFO - process ingested knowledge for /app/data/T0015/224022/b0280is/universalinit-224022/src/universalinit/templates/slidev/prettierrc.js
2025-11-13 08:07:13,374 - Knowledge - INFO - process ingested knowledge for /app/data/T0015/224022/b0280is/universalinit-224022/src/universalinit/templates/svelte/vitest-setup-client.ts
2025-11-13 08:07:13,486 - Knowledge - INFO - process ingested knowledge for /app/data/T0015/224022/b0280is/universalinit-224022/src/universalinit/templates/remotion/src/HelloWorld/Subtitle.tsx
2025-11-13 08:07:13,609 - Knowledge - INFO - process ingested knowledge for /app/data/T0015/224022/b0280is/universalinit-224022/src/universalinit/templates/svelte/README.md
2025-11-13 08:07:13,691 - Knowledge - INFO - process ingested knowledge for /app/data/T0015/224022/b0280is/universalinit-224022/src/universalinit/templates/react/public/index.html
2025-11-13 08:07:13,799 - Knowledge - INFO - process ingested knowledge for /app/data/T0015/224022/b0280is/universalinit-224022/src/universalinit/templates/react/src/App.test.js
2025-11-13 08:07:13,882 - Knowledge - INFO - done ingest for /app/data/T0015/224022/b0280is/universalinit-224022/universalinit-env/src/universalinit_env/envmapper.py
2025-11-13 08:07:13,964 - Knowledge - INFO - process ingested knowledge for /app/data/T0015/224022/b0280is/universalinit-224022/src/universalinit/templates/django/api/apps.py
2025-11-13 08:07:14,035 - Knowledge - INFO - process ingested knowledge for /app/data/T0015/224022/b0280is/universalinit-224022/src/universalinit/templates/typescript/vite.config.ts
2025-11-13 08:07:14,145 - Knowledge - INFO - process ingested knowledge for /app/data/T0015/224022/b0280is/universalinit-224022/src/universalinit/templates/slidev/package.json
2025-11-13 08:07:14,328 - Knowledge - INFO - process ingested knowledge for /app/data/T0015/224022/b0280is/universalinit-224022/src/universalinit/templates/nuxt/nuxt.config.ts
2025-11-13 08:07:14,594 - Knowledge - INFO - process ingested knowledge for /app/data/T0015/224022/b0280is/universalinit-224022/src/universalinit/templates/remotion/src/HelloWorld/Arc.tsx
2025-11-13 08:07:14,703 - Knowledge - INFO - process ingested knowledge for /app/data/T0015/224022/b0280is/universalinit-224022/src/universalinit/templates/androidtv/config.yml
2025-11-13 08:07:14,703 - Knowledge - INFO - process ingested knowledge for /app/data/T0015/224022/b0280is/universalinit-224022/src/universalinit/templates/react/public/robots.txt
2025-11-13 08:07:14,887 - Knowledge - INFO - process ingested knowledge for /app/data/T0015/224022/b0280is/universalinit-224022/src/universalinit/templates/react/src/index.js
2025-11-13 08:07:15,008 - Knowledge - INFO - process ingested knowledge for /app/data/T0015/224022/b0280is/universalinit-224022/src/universalinit/templates/django/config.yml
2025-11-13 08:07:15,188 - Knowledge - INFO - process ingested knowledge for /app/data/T0015/224022/b0280is/universalinit-224022/src/universalinit/templates/typescript/tsconfig.json
2025-11-13 08:07:15,188 - Knowledge - INFO - process ingested knowledge for /app/data/T0015/224022/b0280is/universalinit-224022/src/universalinit/templates/slidev/config.yml
2025-11-13 08:07:15,323 - Knowledge - INFO - process ingested knowledge for /app/data/T0015/224022/b0280is/universalinit-224022/src/universalinit/templates/nuxt/package.json
2025-11-13 08:07:15,378 - Knowledge - INFO - process ingested knowledge for /app/data/T0015/224022/b0280is/universalinit-224022/src/universalinit/templates/remotion/src/HelloWorld/Title.tsx
2025-11-13 08:07:15,378 - Knowledge - INFO - [WEBSOCKET] Sent: Type=progress_update, Size: 272, Duration: 0ms
2025-11-13 08:07:15,386 - Knowledge - INFO - process ingested knowledge for /app/data/T0015/224022/b0280is/universalinit-224022/src/universalinit/templates/androidtv/init_script.sh
2025-11-13 08:07:15,484 - Knowledge - INFO - process ingested knowledge for /app/data/T0015/224022/b0280is/universalinit-224022/src/universalinit/templates/react/public/manifest.json
2025-11-13 08:07:15,570 - Knowledge - INFO - process ingested knowledge for /app/data/T0015/224022/b0280is/universalinit-224022/src/universalinit/templates/react/src/setupTests.js
2025-11-13 08:07:15,659 - Knowledge - INFO - process ingested knowledge for /app/data/T0015/224022/b0280is/universalinit-224022/src/universalinit/templates/django/config/settings.py
2025-11-13 08:07:15,737 - Knowledge - INFO - process ingested knowledge for /app/data/T0015/224022/b0280is/universalinit-224022/src/universalinit/templates/typescript/eslint.config.mjs
2025-11-13 08:07:15,812 - Knowledge - INFO - process ingested knowledge for /app/data/T0015/224022/b0280is/universalinit-224022/src/universalinit/templates/slidev/snippets/external.ts
2025-11-13 08:07:15,883 - Knowledge - INFO - process ingested knowledge for /app/data/T0015/224022/b0280is/universalinit-224022/src/universalinit/templates/nuxt/config.yml
2025-11-13 08:07:16,001 - Knowledge - INFO - process ingested knowledge for /app/data/T0015/224022/b0280is/universalinit-224022/src/universalinit/templates/remotion/src/Root.tsx
2025-11-13 08:07:16,091 - Knowledge - INFO - [WEBSOCKET] Sent: Type=unknown, Size: ?, Duration: 713ms
2025-11-13 08:07:16,162 - Knowledge - INFO - process ingested knowledge for /app/data/T0015/224022/b0280is/universalinit-224022/src/universalinit/templates/springboot/src/main/java/com/example/demo/HelloController.java
2025-11-13 08:07:16,242 - Knowledge - INFO - process ingested knowledge for /app/data/T0015/224022/b0280is/universalinit-224022/pyproject.toml
2025-11-13 08:07:16,339 - Knowledge - INFO - process ingested knowledge for /app/data/T0015/224022/b0280is/universalinit-224022/src/universalinit/templates/react/src/index.css
2025-11-13 08:07:16,424 - Knowledge - INFO - process ingested knowledge for /app/data/T0015/224022/b0280is/universalinit-224022/src/universalinit/templates/django/config/wsgi.py
2025-11-13 08:07:16,521 - Knowledge - INFO - process ingested knowledge for /app/data/T0015/224022/b0280is/universalinit-224022/src/universalinit/templates/typescript/index.html
2025-11-13 08:07:16,587 - Knowledge - INFO - process ingested knowledge for /app/data/T0015/224022/b0280is/universalinit-224022/src/universalinit/templates/slidev/vite.config.ts
2025-11-13 08:07:16,698 - Knowledge - INFO - process ingested knowledge for /app/data/T0015/224022/b0280is/universalinit-224022/src/universalinit/templates/nuxt/tsconfig.json
2025-11-13 08:07:16,812 - Knowledge - INFO - process ingested knowledge for /app/data/T0015/224022/b0280is/universalinit-224022/src/universalinit/templates/remotion/src/HelloWorld.tsx
2025-11-13 08:07:16,908 - Knowledge - INFO - Progress: 99.2% | Files: 390/392 | Rate: 2.79 files/sec | Queue: 0
2025-11-13 08:07:16,934 - Knowledge - INFO - Processing batch of 8 files
2025-11-13 08:07:16,995 - Knowledge - INFO - process ingested knowledge for /app/data/T0015/224022/b0280is/universalinit-224022/src/universalinit/templates/springboot/src/main/java/com/example/demo/{KAVIA_TEMPLATE_PROJECT_NAME}Application.java
2025-11-13 08:07:17,092 - Knowledge - INFO - process ingested knowledge for /app/data/T0015/224022/b0280is/universalinit-224022/reactnative/package.json
2025-11-13 08:07:17,169 - Knowledge - INFO - process ingested knowledge for /app/data/T0015/224022/b0280is/universalinit-224022/src/universalinit/templates/react/package.json
2025-11-13 08:07:17,247 - Knowledge - INFO - process ingested knowledge for /app/data/T0015/224022/b0280is/universalinit-224022/src/universalinit/templates/django/config/urls.py
2025-11-13 08:07:17,731 - Knowledge - INFO - process ingested knowledge for /app/data/T0015/224022/b0280is/universalinit-224022/reactnative/app.json
2025-11-13 08:07:18,067 - Knowledge - INFO - process ingested knowledge for /app/data/T0015/224022/b0280is/universalinit-224022/reactnative/config.yml
2025-11-13 08:07:18,068 - Knowledge - INFO - process ingested knowledge for /app/data/T0015/224022/b0280is/universalinit-224022/src/universalinit/templates/springboot/config.yml
2025-11-13 08:07:18,383 - Knowledge - INFO - process ingested knowledge for /app/data/T0015/224022/b0280is/universalinit-224022/reactnative/tsconfig.json
2025-11-13 08:07:18,490 - Knowledge - INFO - process ingested knowledge for /app/data/T0015/224022/b0280is/universalinit-224022/reactnative/App.tsx
2025-11-13 08:07:18,548 - Knowledge - INFO - process ingested knowledge for /app/data/T0015/224022/b0280is/universalinit-224022/src/universalinit/templates/springboot/settings.gradle
2025-11-13 08:07:18,762 - Knowledge - INFO - process ingested knowledge for /app/data/T0015/224022/b0280is/universalinit-224022/reactnative/index.ts
2025-11-13 08:07:18,863 - Knowledge - INFO - process ingested knowledge for /app/data/T0015/224022/b0280is/universalinit-224022/src/universalinit/templates/springboot/build.gradle
2025-11-13 08:07:19,425 - Knowledge - INFO - process ingested knowledge for /app/data/T0015/224022/b0280is/universalinit-224022/README.md
2025-11-13 08:07:19,779 - Knowledge - INFO - process ingested knowledge for /app/data/T0015/224022/b0280is/universalinit-224022/universalinit-env/src/universalinit_env/envmapper.py
2025-11-13 08:07:20,131 - Knowledge - INFO - process ingested knowledge for /app/data/T0015/224022/b0280is/universalinit-224022/universalinit-env/src/universalinit_env/__init__.py
2025-11-13 08:07:20,495 - Knowledge - INFO - process ingested knowledge for /app/data/T0015/224022/b0280is/universalinit-224022/universalinit-env/pyproject.toml
2025-11-13 08:07:20,864 - Knowledge - INFO - process ingested knowledge for /app/data/T0015/224022/b0280is/universalinit-224022/universalinit-env/README-env.md
2025-11-13 08:07:22,143 - Knowledge - INFO - Knowledge creation complete
2025-11-13 08:07:22,319 - Knowledge - INFO - ==================================================
2025-11-13 08:07:22,488 - Knowledge - INFO - KNOWLEDGE GRAPH GENERATION PERFORMANCE SUMMARY
2025-11-13 08:07:22,656 - Knowledge - INFO - ==================================================
2025-11-13 08:07:22,819 - Knowledge - INFO - Total processing time: 146.51 seconds (2.44 minutes)
2025-11-13 08:07:22,977 - Knowledge - INFO - Files processed: 0
2025-11-13 08:07:23,145 - Knowledge - INFO - Processing rate: 0.00 files/second
2025-11-13 08:07:23,332 - Knowledge - INFO - 
[TIME_BREAKDOWN]
2025-11-13 08:07:23,521 - Knowledge - INFO - File Reading: 0.00s (0.0%)
2025-11-13 08:07:23,732 - Knowledge - INFO - LLM Processing: 239.28s (163.3%)
2025-11-13 08:07:23,928 - Knowledge - INFO - MongoDB Operations: 0.00s (0.0%)
2025-11-13 08:07:24,080 - Knowledge - INFO - Redis Operations: 0.00s (0.0%)
2025-11-13 08:07:24,260 - Knowledge - INFO - WebSocket Communication: 8.89s (6.1%)
2025-11-13 08:07:24,427 - Knowledge - INFO - 
[LLM_STATS]
2025-11-13 08:07:24,622 - Knowledge - INFO - Total LLM calls: 19
2025-11-13 08:07:24,805 - Knowledge - INFO - Average LLM response time: 12594ms
2025-11-13 08:07:24,984 - Knowledge - INFO - Average prompt tokens: 4922.1
2025-11-13 08:07:25,190 - Knowledge - INFO - Average completion tokens: 375.8
2025-11-13 08:07:25,358 - Knowledge - INFO - Total prompt tokens: 93519
2025-11-13 08:07:25,524 - Knowledge - INFO - Total completion tokens: 7140
2025-11-13 08:07:25,716 - Knowledge - INFO - Total LLM cost: $0.0122
2025-11-13 08:07:25,885 - Knowledge - INFO - 
[DATABASE_STATS]
2025-11-13 08:07:26,074 - Knowledge - INFO - MongoDB operations: 0
2025-11-13 08:07:26,229 - Knowledge - INFO - Redis operations: 0
2025-11-13 08:07:26,390 - Knowledge - INFO - 
[COMMUNICATION_STATS]
2025-11-13 08:07:26,549 - Knowledge - INFO - WebSocket messages sent: 10
2025-11-13 08:07:26,742 - Knowledge - INFO - Average message size: 136.3 bytes
2025-11-13 08:07:26,924 - Knowledge - INFO - 
[WORKER_STATS]
2025-11-13 08:07:27,089 - Knowledge - INFO - 
[FILE_TYPE_STATS]
2025-11-13 08:07:27,264 - Knowledge - INFO - 
[SLOWEST_FILES]
2025-11-13 08:07:27,420 - Knowledge - INFO - ==================================================
2025-11-13 08:07:27,578 - Knowledge - INFO - ==================================================
2025-11-13 08:07:27,729 - Knowledge - INFO - KNOWLEDGE GRAPH GENERATION PERFORMANCE SUMMARY
2025-11-13 08:07:27,892 - Knowledge - INFO - ==================================================
2025-11-13 08:07:28,045 - Knowledge - INFO - Total processing time: 151.83 seconds (2.53 minutes)
2025-11-13 08:07:28,210 - Knowledge - INFO - Files processed: 392 of 392
2025-11-13 08:07:28,371 - Knowledge - INFO - Processing rate: 2.58 files/second
2025-11-13 08:07:28,543 - Knowledge - INFO - WebSocket messages sent: 5
2025-11-13 08:07:28,712 - Knowledge - INFO - MongoDB operations: 392
2025-11-13 08:07:28,910 - Knowledge - INFO - Average MongoDB ops per file: 1.00
2025-11-13 08:07:29,067 - Knowledge - INFO - LLM costs: $0.0127
2025-11-13 08:07:29,274 - Knowledge - INFO - Prompt tokens: 96899
2025-11-13 08:07:29,470 - Knowledge - INFO - Completion tokens: 7495
2025-11-13 08:07:29,710 - Knowledge - INFO - Updating org costs, total cost: 0.012687899999999998
2025-11-13 08:07:31,247 - Knowledge - INFO - [WEBSOCKET] Sent: Type=progress_update, Size: 269, Duration: 62ms
2025-11-13 08:07:31,446 - Knowledge - INFO - Saving knowledge to Redis...
2025-11-13 08:07:31,727 - Knowledge - INFO - Knowledge saved to Redis successfully
